Target,Tweet,Stance
climate change,Climate change is a hoax made up to control us.,AGAINST
climate change,Climate change is the biggest threat to our future.,FAVOR
Donald Trump,I don’t really care who’s president.,NONE
climate change,We must act immediately to combat climate change.,FAVOR
climate change,I just enjoy sunny days.,NONE
Atheism,Moral relativism does not feed into democracy but rather it feeds into chaos #Catholic #Christian #liberal #progressive #secularist #SemST,AGAINST
Legalization of Abortion,Where is the childcare program @joanburton which you said would be in place? #loneparents #7istooyoung #SemST,AGAINST
Donald Trump,Politics are confusing these days.,NONE
Hillary Clinton,"I think marriage is as it has always been, between a man and a woman. - @HillaryClinton  #MarriageEquaility #justsaying #SemST",AGAINST
Legalization of Abortion,If it's not a person then why do women get invitro? To have a gold fish? #SemST,AGAINST
climate change,Climate change is the biggest threat to our future.,FAVOR
climate change,Climate change is a hoax made up to control us.,AGAINST
Donald Trump,I don’t really care who’s president.,NONE
climate change,There is no solid proof that climate change is real.,AGAINST
Feminist Movement,@Nero the 'author' is @onepoundstories she's making money out of it #SemST,NONE
Hillary Clinton,.@thedailybeast such a waste of space #CrackingCeilings #SemST,NONE
Atheism,You'll never know how much God can do in your life until you ask.  #lifechangingJourneywithJesus #SemST,AGAINST
Atheism,Your word has given me life -Ps. 119:49-50 #SemST,AGAINST
climate change,Climate change is a hoax made up to control us.,AGAINST
Atheism,"@vicgreenaway so, why doesn't a hot air balloon pilot look down to horizon as he rises, rather than horizon being ALWAYS eye level? #SemST",NONE
Feminist Movement,Today's roundup of pro-circ trolls: @cbpolis @AnimalRightsJen @ynkutner @DrJohnChisholm @monaeltahawy @hibowardere #i2 #SemST,NONE
Hillary Clinton,@Reince Hardly a hard-hitting interview like with GOP candidates. Did CNN preclear its questions with her campaign in advance?? #SemST,NONE
Donald Trump,Donald Trump is making America great again!,FAVOR
Atheism,"The humble trust in God: 'Whoever leans on, trusts in, and is confident in the Lord  happy, blessed, and fortunate is he' #SemST",AGAINST
climate change,Climate change is a hoax made up to control us.,AGAINST
Hillary Clinton,We stand with the great #Baltimore mayor! Fire all the Crooks in Uniform! @MayorSRB #FreddieGray #hannity @donlemon #BlueWall #SemST,NONE
Legalization of Abortion,@Jizismyname can't wait to see you on @heyqweentv #JizIsMyName #ElectronicaDrugDealer #Jiz  #SemST,AGAINST
Hillary Clinton,"@churstauthor Thanks for the follow Charles, may God bless you and your family !  #freeallfour #SemST",NONE
climate change,We must act immediately to combat climate change.,FAVOR
Atheism,We'd like to welcome Lucy Dee to the Atheist Apocalypse team!   May God have mercy on your soul!   #God #mercy #podcast #SemST,AGAINST
Legalization of Abortion,"@BuhayIpaglaban @laurawrpie Every time I ""discuss"" with ""#prolife"" it reaffirms my belief that #antichoice are complete idiots. #SemST",FAVOR
Hillary Clinton,"@HillaryClinton now can add #ropegate to her long list of ""accomplishments #hillaryforprison2016 #entertainment #SemST",AGAINST
Feminist Movement,Ironic how the anti- feminist intimidation machine has drowned out the voices of those trying to civilly critique feminist ideas. #SemST,AGAINST
Hillary Clinton,.@thehill umm.  Yyyeaaaaah. Sure they do. #SemST,NONE
climate change,Weather has always changed over time.,NONE
climate change,There is no solid proof that climate change is real.,AGAINST
Hillary Clinton,when i get married to my partner i want @HillaryClinton to be my maid of honor!  #govote #girlpower #lovewins #SemST,FAVOR
Donald Trump,Politics are confusing these days.,NONE
Donald Trump,Trump’s economic policies are working wonders.,FAVOR
Hillary Clinton,#HillaryClinton just cannot accept the fact that #America does not like her. #HillaryonCNN #BernieSanders #SemST,AGAINST
Donald Trump,Trump should be held accountable for his actions.,AGAINST
Feminist Movement,Feminists who go for a gender studies degree should also blame the patriarchy for their mediocre grades in science. #SemST,AGAINST
Legalization of Abortion,.@BuhayIpaglaban perhaps you want to go to the fertility clinics & rescue them all. How many can you fit in your womb. #clowncar #SemST,AGAINST
Hillary Clinton,"Amazing, inspiring speech&question session in Iowa City from @HillaryClinton .Her answers on education&health care were clear. #SemST",FAVOR
Hillary Clinton,"@HillaryClinton: Here's to fearless women chasing their goals. Congratulations, Team #USA! H #SemST",AGAINST
Hillary Clinton,@dougshelton749 @realDonaldTrump  #HRC would be an even bigger threat to America than #Obummer.   #WakeUpAmerica #SemST,AGAINST
climate change,Climate change is the biggest threat to our future.,FAVOR
Legalization of Abortion,Just been having rather horrible discussion with @Tim_Hallan - reminder that we have a long way to go. #HumanRights #healthcare #SemST,NONE
Donald Trump,Trump’s economic policies are working wonders.,FAVOR
Hillary Clinton,"@LeahR77 @HillaryClinton the unethical lying granny strikes again.  No charisma, no character, no accomplishments, no warmth #SemST",AGAINST
Atheism,"Jesus, you are my helper. Help me to rest and trust in you and your finished work at the Cross. Amen. #SemST",AGAINST
Hillary Clinton,Join the Hillary team now and come to the Jefferson County phone bank tomorrow from 6-8 at Bliss Studio in Fairfield! #SemST,FAVOR
Feminist Movement,@mustangALLIE_ and i was agreeing with ur tweet #SemST,NONE
climate change,Climate change is the biggest threat to our future.,FAVOR
Atheism,"@Brasilmagic @neiltyson there's no god 2b tired of, just tired o ppl believing in such nonsense. Time 2 focus on reality, HUMANITY #SemST",FAVOR
Legalization of Abortion,There weren't any volunteers outside abortion clinic when she had her abortion bcs there aren't enough of us. Can you join us? 2/2 #SemST,AGAINST
Donald Trump,Trump’s economic policies are working wonders.,FAVOR
climate change,I just enjoy sunny days.,NONE
Atheism,"If only dreams were real, now it's gone. #SingleBecause #getonyourfeet #SemST",AGAINST
Feminist Movement,Don't #GiveYourMoneyToWomen. Instead feed a cat or a dog. The animal will like you and show some gratitude.   #SemST,AGAINST
climate change,I just enjoy sunny days.,NONE
Hillary Clinton,@CNNSotu @jaketapper - Can we get back to the issues? That's what #Bernie2016 wants to talk about. Not about #SemST,AGAINST
Donald Trump,Donald Trump is making America great again!,FAVOR
climate change,There is no solid proof that climate change is real.,AGAINST
Donald Trump,I can't believe the things Trump gets away with.,AGAINST
Hillary Clinton,The press needs to get out of the way so the peasants can get a glimpse of her Highness. #morningjoe  #SemST,AGAINST
Legalization of Abortion,".@JessieLosch There is no such thing as a ""safe & alive"" abortion because every abortion that goes as intended leaves >= 1 dead #SemST",AGAINST
Donald Trump,Trump should be held accountable for his actions.,AGAINST
Donald Trump,Trump’s economic policies are working wonders.,FAVOR
climate change,We must act immediately to combat climate change.,FAVOR
Donald Trump,I can't believe the things Trump gets away with.,AGAINST
climate change,Climate change is the biggest threat to our future.,FAVOR
Donald Trump,Trump’s economic policies are working wonders.,FAVOR
Feminist Movement,"Please tell me more about how UTI commercials are icky, so I won't forget to livetweet my next one in person. #SemST",NONE
Atheism,"Isaiah 43:15 I am the Lord, your Holy One, the Creator of Israel, your King. #God #SemST",AGAINST
Hillary Clinton,"Hillary Clinton has amassed $329 million in her career (3 of her top 5 donors are Citigroup, Goldman & JP Morgan). #Bernie2016 #SemST",AGAINST
Donald Trump,Donald Trump is making America great again!,FAVOR
Atheism,Currently doing a piece on logical fallacies for my blog @weebly #philosophy #logicism #blog #humanist #SemST,AGAINST
climate change,Climate change is a hoax made up to control us.,AGAINST
climate change,There is no solid proof that climate change is real.,AGAINST
Legalization of Abortion,@JujuChangABC abortions should never be illegal. It should be the pregnant person's choice. Especially if that person was rape #SemST,FAVOR
Donald Trump,I can't believe the things Trump gets away with.,AGAINST
climate change,I just enjoy sunny days.,NONE
Hillary Clinton,"Based on the long lines, I thought it was free burrito day at Pancheros but it was actually Hillary! #ReadyForHillary #SemST",FAVOR
Feminist Movement,"The concept of #RapeCulture is a puerile, intellectually dishonest glorification of a crime by feminists.  #SemST",AGAINST
climate change,Climate change is a hoax made up to control us.,AGAINST
Donald Trump,Politics are confusing these days.,NONE
climate change,Climate change is the biggest threat to our future.,FAVOR
Legalization of Abortion,@FeministSpag @1310edhand @1310news we do care about the hurt inflicted upon preborn children through #abortion. #TruthTour #Ottawa #SemST,AGAINST
Legalization of Abortion,Where's the most dangerous place for a child? In the hands of an ISIS terrorist? Almost. Inside their mother's womb #MiddleAmerica #SemST,AGAINST
Atheism,This world needs a tight group hug. Tight enough to relieve them from all this anger and hate. #MakePeaceWithEachOther #SemST,AGAINST
Hillary Clinton,Take care of your finances. Spend sensibly. Save for a rainy day. Live within your means. Resist greed. #Greece #SemST,NONE
Donald Trump,I don’t really care who’s president.,NONE
Atheism,"RT @ACatholicPrayer: Holy Trinity, one God, Have #mercy on us. #Catholic #SemST",AGAINST
Feminist Movement,I'm the bad cop to @Patjouk's good cop. (... Though am I/is she really? Muahaha. ;P) #tech #techdiversity #SemST,NONE
Legalization of Abortion,A prochoice advocate but circumcise ur baby? Fucking hypocrite! #circumcision #humanrights #SemST,AGAINST
Atheism,RT @br_holden: Superstition-based thoughts tend to be wasted thoughts.  #freethinker #SemST,AGAINST
Donald Trump,Trump’s economic policies are working wonders.,FAVOR
climate change,We must act immediately to combat climate change.,FAVOR
climate change,We must act immediately to combat climate change.,FAVOR
climate change,There is no solid proof that climate change is real.,AGAINST
Hillary Clinton,@jschau11 wow!!! i can halp too!! #OBAMASUCKS #BLOWUPISIS #NOIRS #NOSHARIAUSA #NOAMNESTY #DAMNTHAT140  #USARULES...#ILOVETHIS #(:) #SemST,NONE
climate change,There is no solid proof that climate change is real.,AGAINST
Donald Trump,I can't believe the things Trump gets away with.,AGAINST
climate change,Climate change is the biggest threat to our future.,FAVOR
Donald Trump,Donald Trump is making America great again!,FAVOR
climate change,There is no solid proof that climate change is real.,AGAINST
Feminist Movement,The hypothesis of gender as a social construct is prevalent in majority of feminist ideas. Ergo most feminists are TERF. #SemST,AGAINST
Legalization of Abortion,@marcmaron @amyschumer @JuddApatow Are you a triceratops or tricerabottom? #arethosehornsyourewearing #SemST,NONE
Donald Trump,Politics are confusing these days.,NONE
Legalization of Abortion,AntiChoice laws say women can't make their own decisions  #SemST,AGAINST
Hillary Clinton,I think that everything she says is a lie.   I mean EVERYTHING.   I don't even think her name is Hillary.  #WakeUpAmerica #SemST,AGAINST
Legalization of Abortion,it's not that i don't want to be at work. it's that i rather be asleep. #SemST,NONE
Hillary Clinton,I BLOCKED 2 Liberals Today!..A Very Good Thursday! #GODBLESSTHEUSA #HardCoreAmericanConservative #2A #NRA #ArticleV  #NoMoreBushes #SemST,AGAINST
climate change,Climate change is the biggest threat to our future.,FAVOR
Feminist Movement,"Sleezy men: DO NOT catcall at me and @emmalizrizz while we're out walking. It's NOT welcome, attractive or harmless. #SemST",FAVOR
Atheism,Patriotism and Humanism are impossible for someone who takes #Islam too seriously. #SemST,FAVOR
Atheism,Loving who I am! Today was awesome because I enjoyed being me. Can't nobody steal my joy! #selflove #motivated by #SemST,NONE
Feminist Movement,your mother did not carry you for 9 months so you could yell 'suck my dick' at me from your car #SemST,FAVOR
climate change,Weather has always changed over time.,NONE
climate change,There is no solid proof that climate change is real.,AGAINST
climate change,We must act immediately to combat climate change.,FAVOR
Legalization of Abortion,@notmuchelse It is no less your child before or after birth. One continuum of life. #SemST,AGAINST
Donald Trump,Trump should be held accountable for his actions.,AGAINST
Legalization of Abortion,"DEAR PROABORTS: Using BAD grammar and FILTHY language and INTIMIDATION makes you look ignorant, inept and desperate. #GodWins #SemST",AGAINST
Legalization of Abortion,Need a ProLife R.E. Agent? - Support a ProLife Group (U-choose) at NoCost ProLifeRealEstate@Yahoo.com #SemST,AGAINST
Donald Trump,I don’t really care who’s president.,NONE
Feminist Movement,HAPPY BIRTHDAY TO ONE OF MY FAV PEOPLE WHO HAS GREAT VIEWS & IS A FELLOW SUPREME COURT CUTIE I LOVE YOU @maddylinder #SemST,NONE
Feminist Movement,"I thought this video on #equality was interesting, contradictions and demonization about men in the agenda of passive and activist #SemST",AGAINST
climate change,I just enjoy sunny days.,NONE
Legalization of Abortion,Obama Administration sends 5.6 million dollars to #SemST,NONE
Donald Trump,Trump should be held accountable for his actions.,AGAINST
Hillary Clinton,A circus Act such as Donald Trump is short term entertainment. Soon to be canceled. #SemST,NONE
Atheism,"@dsurman  Jesus is favor of all, that they would believe He died for them. Why try to wage a conflict you will lose? #God #SemST",AGAINST
Legalization of Abortion,It very simple .. Let women choose.. #repealthe8th #notacriminal #SemST,FAVOR
Donald Trump,I can't believe the things Trump gets away with.,AGAINST
Feminist Movement,@watchyoomouth_ @SCbchbum are you fucking KIDDING ME? so you're saying that justifies rape? #rapeculture #smdh #SemST,FAVOR
climate change,Climate change is a hoax made up to control us.,AGAINST
climate change,There is no solid proof that climate change is real.,AGAINST
Legalization of Abortion,"#Fiona Bruce wants a government that forces women to have children, and then refuses to financially help them. #bodyautonomy #SemST",FAVOR
Legalization of Abortion,asked a protester-u'll fund the moms?Yes-So #announced it in DT #hamont-yo ppl #NoAbortion=these ppl wth picz will pay 4yo' kids #SemST,AGAINST
Feminist Movement,"DEAR FEMINISTS  Yes, we should teach men not to rape. Also, we should teach women not to murder their own children.  #SemST",AGAINST
Donald Trump,Politics are confusing these days.,NONE
climate change,There is no solid proof that climate change is real.,AGAINST
Donald Trump,Trump should be held accountable for his actions.,AGAINST
Legalization of Abortion,@notmuchelse Then make sure Udon't get pregnant. And don't KILL your child if you do! You are the mom RESPONSIBLE 4child's life! #SemST,AGAINST
Hillary Clinton,"@peddoc63 @Fr3333dom Seems the way we're going. Lord, I hope Bilderbergs don't pay for Hitlery like they did O. #SemST",AGAINST
Feminist Movement,Feminists grades in science class usually are as bad as the abysmal success rate of marriage.   #GamerGate #NotYourSh... #SemST,AGAINST
Hillary Clinton,"@billodoux Thanks for the follow, that his by far the cutest avatar I have seen, God bless you all ! #freealfour #SemST",NONE
climate change,Climate change is the biggest threat to our future.,FAVOR
Donald Trump,Politics are confusing these days.,NONE
Atheism,The deeper I go with in- The deeper~> the silence- the peace- the healing- the clarity- the vision- the belief- The deeper my  #SemST,AGAINST
Legalization of Abortion,Women ARE capable of making decisions #SemST,FAVOR
Feminist Movement,Been watching a lot of feminist videos in YouTube an all I can say is Are these women for real ?!?! #SemST,AGAINST
Atheism,Never debate with the devil... Give him an instruction to get behind you!!  #SemST,AGAINST
climate change,I just enjoy sunny days.,NONE
Atheism,"Surely the Sovereign LORD does nothing without revealing his plan to his servants the prophets"" #Amos3v7 #SemST",AGAINST
Donald Trump,Trump should be held accountable for his actions.,AGAINST
Atheism,"Choose Him who died so that you may live, over him who lives so that you may die.  - WTL Apologetics  #DeadToSin #AliveInChrist #SemST",AGAINST
Donald Trump,Trump’s economic policies are working wonders.,FAVOR
Legalization of Abortion,@notmuchelse Giving birth is not pushing women toward death. #SemST,AGAINST
Hillary Clinton,@USATODAY @HillaryClinton how about finding her a #pathtoJAIL #DONOTPASSGO do collect any Any more of #WeThePeople s #SemST,AGAINST
Hillary Clinton,"@donnabrazile @DougHeye So this woman does one thing to help. She's GOP - she's, ultimately, the enemy - don't doubt it #SemST",AGAINST
Atheism,#HemaMalini please think twice before giving a statement. A couple has lost their kid. Please show some #SemST,NONE
Feminist Movement,"Nice job referring to a human being as an ""It"" #DolphZiggler. #WomensWrestling #RawChicago #SemST",FAVOR
Donald Trump,Politics are confusing these days.,NONE
Feminist Movement,"Everyone quick, feminists are a minority now! lol #SemST",AGAINST
Legalization of Abortion,@BernieSanders if men were the ones that got preganant this would be a non issue in America #Bernie2016 #WomensRights #Solidarity #SemST,FAVOR
Feminist Movement,Would mean a lot if u clicked the link in my bio #feminist #SemST,FAVOR
climate change,I just enjoy sunny days.,NONE
Donald Trump,I can't believe the things Trump gets away with.,AGAINST
Atheism,#God > My fears God > My insecurities God > My worry God > My everything #SemST,AGAINST
Hillary Clinton,"@NoahCRothman ""Everything I did was permitted."" -HRC. ""If God is dead, all things are permitted"" -Dostoyevsky.  #tcot #SemST",AGAINST
Feminist Movement,Julie Burchill dismissed male suicide as inconsequential because they are men. Her son killed himself this week - karma #SemST,AGAINST
Feminist Movement,Feminist make me sick. I'm all for equality but not for Feminist Hypocrisy. #SemST,AGAINST
Legalization of Abortion,The most horrific violence in America is the war on babies. #SemST,AGAINST
climate change,Weather has always changed over time.,NONE
Atheism,Irony: When a #creationist tweets about #science being wrong on a device that couldn't have existed without it.  #SemST,FAVOR
Donald Trump,I can't believe the things Trump gets away with.,AGAINST
Legalization of Abortion,Of course an embryo is a person! If it were a puppy there'd be no desire to abort it. #SemST,AGAINST
Atheism,"Pushing beyond the absurd The light in darkened minds Railing against ancient words Seeking, honest, open it is truth we find. #SemST",AGAINST
Feminist Movement,"Religions give its members an identity & without it, they cannot function. Feminists cannot function without feminism. #SemST",AGAINST
climate change,We must act immediately to combat climate change.,FAVOR
Hillary Clinton,#HillaryonCNN   The wicked person flees when no one is chasing them - Proverbs  #SemST,AGAINST
Legalization of Abortion,@gaz_dance I'm good like this. I've always been #SemST,NONE
Donald Trump,Trump should be held accountable for his actions.,AGAINST
climate change,There is no solid proof that climate change is real.,AGAINST
Donald Trump,Donald Trump is making America great again!,FAVOR
Feminist Movement,I like girls. They just need to know there place. #SemST,AGAINST
Hillary Clinton,"That's true, as long as one works hard, has a record of accomplishment and deserves it. @HillaryClinton NOT #SemST",AGAINST
Atheism,"Mary, Queen of martyrs, pray for us. #Catholic #SemST",AGAINST
climate change,There is no solid proof that climate change is real.,AGAINST
Feminist Movement,"girl: *bikini photo* girls: slut Justin Bieber: *butt naked* girls: "" ""lemme see the front"" LOL BUT YOU'RE A FEMINIST #SemST",AGAINST
Legalization of Abortion,I cannot believe there are still people in this century who opposed to women having rights over their own bodies! #disgusted #SemST,FAVOR
Atheism,Exo.20.13-15 - ...Do not commit murder...DO NOT COMMIT ADULTERY...Do not steal. #SemST,AGAINST
climate change,Weather has always changed over time.,NONE
climate change,I just enjoy sunny days.,NONE
climate change,There is no solid proof that climate change is real.,AGAINST
Legalization of Abortion,#NothingMoreAmericanThan unjustified homicide of the unborn in #SemST,AGAINST
climate change,Climate change is a hoax made up to control us.,AGAINST
Feminist Movement,"..Can I also add that I really enjoyed looking at @TahirRajBhasin in #Mardaani :P Tahir, you were a dashing baddie! #Bollywood #SemST",AGAINST
Feminist Movement,"Feminist don't want equality, they're hypocrites. A lot of them are single for that exact reason . #SemST",AGAINST
Feminist Movement,Girls over 130 pounds shouldn't wear a bikini #womenintech #SemST,AGAINST
climate change,I just enjoy sunny days.,NONE
Feminist Movement,"Women are taught to put their values into their hymens, rather than their intelligence, accomplishments, goals or character #SemST",AGAINST
Hillary Clinton,@BeladonnaRogers @Chairmnoomowmow The compliant media allowed themeselves to b herded by a couple of strands of rope? Good sheep! #SemST,AGAINST
Feminist Movement,"I decided to watch The Stepford Wives and I hope the women go back to normal and smash the patriarchy it's big, dumb face. #SemST",FAVOR
Donald Trump,Trump’s economic policies are working wonders.,FAVOR
Atheism,"Luke 11:5-9, 18:1-8 ""Oh Lord, avenge me of my adversary..."" #PstPeterock #EmpowermentService #SemST",AGAINST
Hillary Clinton,Wouldn't be surprise that it comes to light that Chelsea's husband cheats on her. #HillaryClinton #SemST,AGAINST
Atheism,@SenSanders there's God. Loving each other unconditionally is what matters. #SemST,AGAINST
Atheism,@evrttbrd this is PRECIOUS. omg go get em #Europe4Jesus #awakeningeurope #benfitz #bethel #paulyman #heidsbakes #father #jc #abba #SemST,AGAINST
Hillary Clinton,@TwitchyTeam ...and then she'll turn around and treat them like dogs. #RopeLine #SitUbuSitGoodDog #SemST,AGAINST
climate change,Weather has always changed over time.,NONE
Feminist Movement,I saw a little girl wearing a mustache from the vending machine. #equality #SemST,AGAINST
Hillary Clinton,@kasie I do! And I had an invitation to their beta test before they even officially launched. #HillaryLies #SemST,AGAINST
Atheism,"No, I'm not calling myself ""agnostic"" because my atheism scares you and u dont know what words mean. #SemST",FAVOR
Hillary Clinton,Hillary Clinton Accomplishment of the Day: extended full military health benefits to reservists and National Guard members. #SemST,FAVOR
Feminist Movement,"Ayyyy more hypocrisy: Hope Solo, serial domestic abuser is celebrated like a hero for winning the women's World Cup #SemST",AGAINST
climate change,Weather has always changed over time.,NONE
Donald Trump,Trump’s economic policies are working wonders.,FAVOR
climate change,We must act immediately to combat climate change.,FAVOR
Atheism,1of 2 #Never be #afraid to and never #apologise for using the #word of #GOD as #analogies to #explain something in a #setting! #SemST,AGAINST
Donald Trump,I can't believe the things Trump gets away with.,AGAINST
Feminist Movement,@SpectreOfChaos is trolling #YesAllWomen. He is a stalker who has doxed  and harassed people for weeks. It is best to block him. #SemST,AGAINST
Legalization of Abortion,@Fungirl3part2 repent wen u commit a grave act like murder of a baby did u #abort ur baby?yes? then YOU repent! #hell s 4 eternity #SemST,AGAINST
Hillary Clinton,"@LVNancy @incessantpatrio @bcwilliams92 Yes! #SoMuchUgly in #HillaryClinton, Hollow Acts Are Infamous! #WhyImNotVotingForHillary #SemST",AGAINST
Hillary Clinton,"@Slate @pinkbunny70 Buh-bye, Bernie. I agree w/most of your platform, but your gun stance is unacceptable. #ENDTHENRA #SemST",NONE
Hillary Clinton,@Scott_R_Ellis the reason she struggles to appear genuine is she is not a genuine person. Actions speak louder than words.  #SemST,AGAINST
Feminist Movement,Nice rap by @RanveerOfficial @arjunk26 late but you made your point ki admi ki kya hai jarorat its all about #SemST,AGAINST
Feminist Movement,Marriage is driving under the influence of hormonal alcohol & divorce is the morally painful sobriety the day after. #SemST,NONE
climate change,Climate change is a hoax made up to control us.,AGAINST
climate change,I just enjoy sunny days.,NONE
Legalization of Abortion,"A fetus is not living, breathing, born, sentient, or autonomous which is why the pregnant woman's choice matters more #SemST",FAVOR
Feminist Movement,"I hate government, but if I were in government i'd want to be a District Attorney or a Judge to hold #YesAllWomen accountable. #SemST",AGAINST
climate change,Weather has always changed over time.,NONE
Donald Trump,Donald Trump is making America great again!,FAVOR
Donald Trump,I can't believe the things Trump gets away with.,AGAINST
Legalization of Abortion,What about in cases of rape #SemST,FAVOR
Hillary Clinton,Imagine @JoeBiden runs for POTUS. Without a doubt a strong & popularly likable candidate against the Clinton. ------- #SemST,AGAINST
Hillary Clinton,"It's amazing to me how if you want a secure border & a legal process to immigration that makes sense, it means you are racist. #SemST",NONE
Feminist Movement,"@verilymary @taylynneduvall no, men need a movement that will help them not hurt them #SemST",AGAINST
climate change,We must act immediately to combat climate change.,FAVOR
Legalization of Abortion,@Stephen_C_Ward  What are they doing with acid signs oh yeah their all tripping #lsd  #SemST,AGAINST
Atheism,Religion has destroyed the ability for some to say know.   #SemST,FAVOR
Atheism,"Beginning to wonder if Rev. 13:17 mark, buying & selling is relevant ala corporations' behavior (Civil War games), etc. #bible #SemST",AGAINST
Donald Trump,Trump’s economic policies are working wonders.,FAVOR
Hillary Clinton,I don't know how well a socialist is gonna play with southern democrats. #BernieSanders #SemST,NONE
climate change,I just enjoy sunny days.,NONE
Donald Trump,I don’t really care who’s president.,NONE
Atheism,"One Nation on their knees, with blowjobs and semen for all. Heavens to Betsy! #ReligionIsBullshit  #fyilive #SemST",FAVOR
Atheism,@Jaikrishnashree #italianchachi420 UDF/LDF made #Kerala the most backward southern state & cluelss #Hindus keep voting #marxism #SemST,NONE
Hillary Clinton,"I've been called many things, quitter is not one of them -@HillaryClinton in Iowa City Public Library #HillaryforIA #SemST",FAVOR
Feminist Movement,"@NAFEDUDE I'm just sharing a laugh with my buddies, ur points are laughable, laughing is good 4 health =)  #SemST",NONE
climate change,Weather has always changed over time.,NONE
climate change,We must act immediately to combat climate change.,FAVOR
Legalization of Abortion,The sanctity of human life is not a woman's issue. #antifeminism #SemST,AGAINST
Donald Trump,Donald Trump is making America great again!,FAVOR
Legalization of Abortion,"Damn, interesting news when you find out you were almost a product of abortion #SemST",AGAINST
Legalization of Abortion,I'll celebrate #IndependenceDay when EVERYONE in this country is equally free & not living in fear & poverty! #EqualityForAll #p2 #SemST,AGAINST
Donald Trump,Donald Trump is making America great again!,FAVOR
Atheism,Should we take the #DNA at birth of every human being on Earth? #science #economics #SemST,NONE
Hillary Clinton,"@JoanOfArgghh I won't use the c-word, so I'll just say that everything Clinton does is a ""cunning stunt"". #HillaryonCNN #SemST",AGAINST
Feminist Movement,Women's Forum for #FFD3 happening today! Follow @AWID @tessakhan @FemnetProg et al #justice #SemST,FAVOR
Donald Trump,Donald Trump is making America great again!,FAVOR
Legalization of Abortion,@djred678 : My views are my own. #AllLivesMatter #PrebornLivesMatter #AbortionIsViolence #Whyi'mNotVotingForHillary #SemST,AGAINST
Hillary Clinton,#EpicLiberalFail Hilary lied about Banghazi and is caught on audio biahahaha #p2 #uniteblue #libcrib #libtards #SemST,AGAINST
climate change,Climate change is a hoax made up to control us.,AGAINST
Legalization of Abortion,@ProWomanChoice @laurawrpie @JaxLeSigh both r #human. 1e u abuse with misinformation (#women) n d other u kill by #baby #SemST,AGAINST
Feminist Movement,#yesallwomen are #always #unstoppable if they cry to get their way #likeagirl   #GamerGate    #SemST,AGAINST
Hillary Clinton,Rhodham Hood: It takes a village to  community organize wealth redistribution Obama-style.   #SemST,NONE
Donald Trump,Politics are confusing these days.,NONE
Hillary Clinton,RT @CattyHipster: Live today like it's your last day. But pay bills and dress appropriately just in case it isn't. #420 #SemST,NONE
Donald Trump,I don’t really care who’s president.,NONE
Donald Trump,I don’t really care who’s president.,NONE
Atheism,@narendramodi @PMOIndia y politicians in d office can offer iftikar parties.. It is waste of tax payer money. #SemST,NONE
climate change,Climate change is a hoax made up to control us.,AGAINST
Hillary Clinton,"Hillary says people should and do trust her, phew wee I am glad she finally got that issue behind her. #SemST",AGAINST
Legalization of Abortion,@LibertyBleeds every one in Congress should attend an abortion procedure especially partial birth that they VOTE FOR #ccot #tcot #SemST,AGAINST
Feminist Movement,Helping getting laws for both patents to get paid maternity leave???!! WHEN WILL THIS MADNESS STOP?!?!?? #feminismiscruelty #SemST,AGAINST
Donald Trump,Trump’s economic policies are working wonders.,FAVOR
Donald Trump,Trump should be held accountable for his actions.,AGAINST
Feminist Movement,omg @KeyAndPeele you are fcking KILLING IT! #piratesong #womenaredoctorstoo #hoeisdisrespectful #SemST,AGAINST
climate change,Climate change is the biggest threat to our future.,FAVOR
Atheism,Is near where we will be told not 2 preach in The Name Acts 4:12 There is salvation in no 1 else...NLT #DCM2015 but #SemST,AGAINST
Hillary Clinton,GOP Busted Trey Gowdy proved their #Benghazi hearings are politically motivated when he leaked documents to the press  #SemST,AGAINST
Donald Trump,Donald Trump is making America great again!,FAVOR
climate change,Weather has always changed over time.,NONE
Atheism,"#JaganNathAzad, a #Hindu, was asked by founder of #Pakistan to write the first National Anthem. #SemST",AGAINST
Legalization of Abortion,"Leftist, Progressives love 2lie & claim they believe in God, but if they do they would never support #gaymarriage #Obamacare #SemST",AGAINST
Legalization of Abortion,"Like 96% of antis don't care about breathing viable persons, and 100% care about embryos more #SemST",FAVOR
Legalization of Abortion,'Snarck' - a snarky hack who puts down ordinary folk who dares question their pontifical commentaries  #SemST,NONE
Feminist Movement,You're a sexy bitch. Own that shit. #SemST,FAVOR
climate change,Climate change is a hoax made up to control us.,AGAINST
climate change,Climate change is a hoax made up to control us.,AGAINST
Hillary Clinton,"It just depends on what the  definition of the word ""subponea"" is...  #subponea #SemST",AGAINST
Donald Trump,I don’t really care who’s president.,NONE
Atheism,I pray for the best for everybody!!! #SemST,AGAINST
Atheism,"Bind up the wounds of those whose cry comes to You, O God, rising like a tide, whose hope is in You alone. #grace #SemST",AGAINST
Legalization of Abortion,To run outside? To run inside? #SemST,NONE
Atheism,While scientists fantasize about bugs I am considering gods.  ~~   #TheLUPOL #theism #futurism #singularity #AncientAliens #SemST,AGAINST
climate change,Climate change is the biggest threat to our future.,FAVOR
Donald Trump,Trump should be held accountable for his actions.,AGAINST
Feminist Movement,One thing I learned from my job: doors to opportunity cover fee that only the privileged can afford. #privilege #truth #SemST,AGAINST
climate change,Climate change is the biggest threat to our future.,FAVOR
Legalization of Abortion,@HillaryClinton #gop as whole party has backwards ideas on #immigration #votingrights #womensright #civilrights. #healthcare #dapa #SemST,AGAINST
Atheism,#ILoveIslamBecause and v should love Islam because its a Deen instead of just a #SemST,AGAINST
Feminist Movement,@Lauren_Southern @PressForTruth @moen_tim spank them feminist fascists! #SpankAFeminist  #SemST,AGAINST
Legalization of Abortion,@NBCLA #SB128 isn't opposed merely b/c it's against God's will (as if we're neanderthals). It's murder. Like #SemST,AGAINST
Atheism,"The people who walk in darkness Will see a great light; Those who live in a dark land, The light will shine on them. Isaiah 9:2 #SemST",AGAINST
Atheism,Yeah I think maybe words just stopped mattering #SemST,NONE
Feminist Movement,"Dear parents, please don't tell your boys ""not to be a girl"" when they cry. Girls rock. #SemST",FAVOR
Feminist Movement,"@NormaniKordei hi, can u pls rt this people need to know about this!!!!! #feminist #SemST",FAVOR
Legalization of Abortion,I can think of a thousand things more important than Keith Olbermann. #SanctuaryCities #IRSscandal #Benghazi #Bergdahl #USDebt #SemST,NONE
Feminist Movement,@atheena99 @dopee_curlyy i don't even know what to say to that. You're content with being paid less and not treated like an equal? #SemST,AGAINST
Donald Trump,Trump should be held accountable for his actions.,AGAINST
Hillary Clinton,"#IfIhadAdollarFor wondering, was I that stupid when I was a #Democrats? #Obama #2A #NoAmnesty #WakeUpAmerica #SemST",AGAINST
Feminist Movement,"@Afshah_Ronaldo you don't tell me what to do, i'm a strong individual male, I can make my own choices #ABCD #SayNoToOppresion #SemST",AGAINST
Feminist Movement,Many feminist sexualise and objectify men and yet they insult men who does it calling them pervert #SemST,AGAINST
Legalization of Abortion,@notmuchelse Don't get pregnant! Make sure you don't get pregnant if you'd just kill your child if you do! @chooseliferacer #SemST,AGAINST
Legalization of Abortion,Monk's Hobbit is back in Twitter. #Catholics #SemST,NONE
Feminist Movement,"Whine about how things aren't going your way, even though you're an adult. #LikeAFeminist #SemST",AGAINST
Legalization of Abortion,"Why would I want to make choices about my own body, when a congressman could do it for me?  #ConversationsWithAlex #SemST",AGAINST
Hillary Clinton,"I stand with @HillaryClinton I know she is for women, poor,children, middle class and GUN CONTROL. #SemST",FAVOR
Legalization of Abortion,"#antichoice NEVER try to police men over sex, but punishing women puts  them into a frenzy. #SemST",FAVOR
climate change,I just enjoy sunny days.,NONE
Atheism,"RT @GMHumanistChoir: We're currently looking for new members to join our choir, all welcome, no auditions. #87RT #choir #Manchest... #SemST",AGAINST
Legalization of Abortion,"When Declaration of Independence was adopted, abortion was illegal in all 13 colonies. #txlege #SemST",AGAINST
Hillary Clinton,@HillarityPress @Amedicinewoman 1.Food: #Benghazi 4 NeverAteAgain 2.Weather: #Benghazi WasFireHot 3.Pets: #Benghazi 4PetsMissThem #SemST,AGAINST
Legalization of Abortion,@paigeymadisonn: 12. something you hate.  People who don't believe abortion should be kept safe and sterile. #SemST,FAVOR
Feminist Movement,"If u link anti feminism with misogyny or inequality-lover, please dont reproduce! The world have enough imbeciles . #SemST",AGAINST
climate change,We must act immediately to combat climate change.,FAVOR
Atheism,"RT @XO_NayeLashay: In love with Gospel music .. Heals my soul ,lifts my spirits, clears my mind & makes me appreciate what I do have. #SemST",AGAINST
Atheism,#God is utterly powerless without Human intervention... #SemST,AGAINST
Donald Trump,I can't believe the things Trump gets away with.,AGAINST
Donald Trump,Politics are confusing these days.,NONE
Donald Trump,I don’t really care who’s president.,NONE
climate change,Weather has always changed over time.,NONE
Donald Trump,I can't believe the things Trump gets away with.,AGAINST
Atheism,"Lord, bring health and a cure to every area of my life, and give me the abundance of peace -Jer. 33:6 #SemST",AGAINST
Hillary Clinton,"@finneyk Can't stand @msnbc anymore, but hope @HillaryClinton will go on the @maddow Show! This needs to happen!! #SemST",FAVOR
Feminist Movement,"I need feminism because ""what were you wearing"" shouldn't be a question when I tell my stepmom I was cat called. #SemST",FAVOR
Atheism,@BJPScams @ANI_news Elections were nearing in Bihar / UP / TN so he may be so sickularism sorry #SemST,NONE
Feminist Movement,Happy birthday to the queen Frida Kahlo! #oneofmyidols #mindstimulation #latinapower #SemST,NONE
Atheism,"#Religions can't all be right, but they can all be wrong. #SemST",FAVOR
climate change,I just enjoy sunny days.,NONE
Hillary Clinton,I find allowing the deaths of Americans in Benghazi to be more offensive than the name Redskins. #Benghazi #redskins #SemST,AGAINST
Feminist Movement,"if those feminists come to their senses about equality, they will be calling themselves equalist. @MeninistTweet #SemST",AGAINST
Atheism,What other nation is so great as to have their gods near them the way the Lord our God is near us whenever we pray to him? #Eritrea #SemST,AGAINST
climate change,Climate change is a hoax made up to control us.,AGAINST
Feminist Movement,Clothes with size number oppress woman . Remove them. #thisoppresseswomen #SemST,FAVOR
Feminist Movement,@Cernovich lets hang our heads in shame that men have become so feminized #SemST,AGAINST
climate change,Climate change is a hoax made up to control us.,AGAINST
Donald Trump,Politics are confusing these days.,NONE
Donald Trump,I can't believe the things Trump gets away with.,AGAINST
Donald Trump,Trump’s economic policies are working wonders.,FAVOR
Feminist Movement,@ramzaruglia @a_man_in_yellow Just imagine all the semen those women are slurping in the bottom left pic #YesAllWomen #SemST,AGAINST
Legalization of Abortion,@mistyaiya Just saw your review of @chadkultgen's book at Amazon. I have to say I totally agree with you. A sick marketing ploy. #SemST,NONE
Feminist Movement,Why do #women take their husban's name?Why not the other way round?Let's start #Itookhername!!!us #gender #genderequity #SemST,FAVOR
Donald Trump,Trump should be held accountable for his actions.,AGAINST
Legalization of Abortion,@JaxLeSigh @ProWomanChoice  ur not aware that using #NaturalFamilyPlanning will have d same effect as birth spacing? #SemST,AGAINST
climate change,Climate change is the biggest threat to our future.,FAVOR
Atheism,"Mark 6:35-36 My Father, anything that has been scaring and hindering  good from coming my way, Lord let it disappear #RCCGTR #SemST",AGAINST
Donald Trump,I don’t really care who’s president.,NONE
climate change,Climate change is the biggest threat to our future.,FAVOR
Hillary Clinton,"@HillaryClinton is plain amazing, humble, smart and confident! Let's get it Mrs. President! #HillaryClinton #SemST",FAVOR
Donald Trump,Politics are confusing these days.,NONE
Feminist Movement,Ladies is pimps too. Go on brush your shoulders off. #SemST,FAVOR
Feminist Movement,@NARAL Complaining that your boss won't pay for your birth control but insisting that he 'stays out of my bedroom.' #birthcontrol #SemST,AGAINST
Feminist Movement,So if a women earns money then it's HERS to KEEP??  #feminismiscruelty #SemST,AGAINST
Feminist Movement,I still take pride in calling myself Goswami. And I would take strong exception to anyone who told me I wasn't entitled to use it! #SemST,NONE
Atheism,"Jesus is not dead , he wasn't real !notdead #SemST",FAVOR
Donald Trump,Trump should be held accountable for his actions.,AGAINST
Hillary Clinton,@thehill Great now Hillary knows how the american people feel about the majority of politicians including her #SemST,AGAINST
Feminist Movement,How to oppress a strong and independent woman? Sit in a certain way... #manspreading #SemST,AGAINST
climate change,Weather has always changed over time.,NONE
Atheism,"How do they come up with this insanity? Oh wait, they believe in a Sky-God.  #fyilive, #SemST",FAVOR
Feminist Movement,"Should start a ""menism"" movement. The amount of times people say ""you've got tidy handwriting for a guy"" is ridiculous #SemST",AGAINST
Feminist Movement,What's red and something all feminist should bite into? A brick now stfu #SemST,AGAINST
Legalization of Abortion,"The idea that a ""fetus"" isn't human is outrageous, I mean what else would it be? A dog? A dragon? The unborn are HUMAN BEINGS! #SemST",AGAINST
Donald Trump,Trump’s economic policies are working wonders.,FAVOR
Feminist Movement,"Feminists, SJWs and other authoritarian Marxists = slimy f**ks bent on world domination. Just gotta say it. #SemST",AGAINST
Atheism,Why would I listen to someone that is not doing anything to better their life compared to a successful millionaire?#DonaldTrump #ACN #SemST,NONE
Hillary Clinton,"@Conservativeind @cannoneerfour Lets hope!  She's a killer, liar and a coward! #WakeUpAmerica #MakeAmericaGreatAgain #SemST",AGAINST
Legalization of Abortion,I #DenounceHarper for refusing to include family planning in foreign aid even though spending $1 could save $6 #wherestheFP #SemST,FAVOR
climate change,Climate change is the biggest threat to our future.,FAVOR
Legalization of Abortion,So Ariana Grande hates America & Americans? She's not alone #SCOTUS #HILLARY #OBAMA #DEMOCRATS #ACLU #NAACP #HAMAS #ISIS #SemST,NONE
Legalization of Abortion,Generate belief in quality existence for everyone especially children in that community.Kittington2016 #SemST,AGAINST
climate change,Climate change is a hoax made up to control us.,AGAINST
Atheism,@Rowdman53 Atheist are offended with Christian Symbols  + Only when when forced where they don't belong. #SemST,AGAINST
climate change,There is no solid proof that climate change is real.,AGAINST
Legalization of Abortion,@laurawrpie what do u call #teens hu got #pregnant even while ingesting contraceptives? success? Can a chaste girl get pregnant? #SemST,AGAINST
Hillary Clinton,Ok now Latino are deciding who is going to be president of the US #Jeb2016 #DonaldTrump #Sanders2016 # #SemST,AGAINST
Donald Trump,Trump’s economic policies are working wonders.,FAVOR
Feminist Movement,@ChaseStraight Wat is gaems? Like candy crush saga? #girlgamzers #wat #SemST,AGAINST
Atheism,"Be a sinner and sin strongly, but more strongly have faith and rejoice in Christ. ~ Martin Luther #SemST",AGAINST
Legalization of Abortion,Societies that put to death the weak and vulnerable are more violent. #Nazis #streetgangs #Communists #AssistedSuicide #SemST,AGAINST
Hillary Clinton,Wouldn't be surprise that it comes to light that Chelsea's husband cheats on her like her Bill did on Hillary. #HillaryClinton #SemST,AGAINST
Hillary Clinton,"Hillary can't create jobs! Last time she had a job to do, she outsourced it to Monica Lewinsky. #SemST",AGAINST
Legalization of Abortion,It's sad to see so many people getting their values from Hollywood rather than the Holy Scriptures.  #ProLifeYouth #SemST,AGAINST
Hillary Clinton,@sgtis0905 @UnPoliticalPrty Never forget @emaleroland #Benghazi Shackle the criminal element #SemST,AGAINST
Hillary Clinton,"#Clintonemails are just a prelude of what her presidency could be if elected, a myrad of scandals @GOP @FloridaGOP @marcorubio #SemST",AGAINST
Hillary Clinton,@HillaryforNH will u rope off the people too Hillary swine?  #uppers #uniteblue #SemST,AGAINST
Hillary Clinton,@JessicaAndSandr I have 2 words for u  #Benghazi  #whitewater. She's morally questionable. We as women should demand better #SemST,AGAINST
climate change,We must act immediately to combat climate change.,FAVOR
Donald Trump,Politics are confusing these days.,NONE
climate change,Weather has always changed over time.,NONE
Donald Trump,I can't believe the things Trump gets away with.,AGAINST
Atheism,@FoxNews @Patriot_Girl_TX @toddstarnes Shame on @OregonGovBrown for not stepping in to rescind this ruling! #Disgusting #Wrong #SemST,NONE
Legalization of Abortion,Abortion is genocide - I don't think you know what genocide means.  #ygk #SemST,AGAINST
Legalization of Abortion,The government has given no explanation of why the law was changed #macedonia #HRCtte #SemST,AGAINST
Legalization of Abortion,"Before I formed you in the womb I knew you, before you were born I set you apart - Jeremiah 1:5 #Godislove #youareloved #SemST",AGAINST
Feminist Movement,"Tomorrow, we gone see think pieces on @KeyAndPeele 's pirate skit. #wesayyoho #butwedontsayho #cuzhoisdisrespectfulyo #kinda #SemST",NONE
Atheism,"I have my work and my faith... If that's boring to some people, I can't tell you how much I don't care. ~Madonna Ciccone #SemST",AGAINST
Atheism,"America, like all of us, has both beauty and brutality coursing through its blood. #4thofjuly #spirituality #SemST",AGAINST
Feminist Movement,@nytimes @nytopinion this is more of a personal preference than a gender issue. Do nt strip manners away from younger generation! #SemST,AGAINST
Legalization of Abortion,Living in a pub isnt all that good when your friends turn into alcoholics @jbrowne_94  #refresher #smurf #noonewillunderstand #SemST,NONE
Hillary Clinton,This is the 3rd time in U.S. that Republicans has a vacuum of presidential leadership. #SemST,NONE
Atheism,What we are is what we define the world to be. #existentialism #spirituality #SemST,AGAINST
Legalization of Abortion,"@BuhayIpaglaban @_msthirdward @blueskies366 ""Natural"" family planning isn't ""planning"" at all since it just doesn't work. #SemST",AGAINST
Feminist Movement,Man: this is an issue and needs to be addressed Woman: this is an iss... Men: why are you so outraged???? #everydaysexism #SemST,FAVOR
Legalization of Abortion,If u come 2 this country 4 bettwr life fucking adapt 2 USA WAYS #1A #2A #NRA #COS #CCOT #TGDN #PJNET  #WAKEUPAMERICA #SemST,AGAINST
Feminist Movement,Independence Day is a day where men get wasted and dehumanize women by blowing off fireworks! #endJuly4th #SemST,AGAINST
Hillary Clinton,I just don't think we need an old white guy in the #WH - Who would his #VP be? voting for #SemST,NONE
Feminist Movement,@kdeleon how many were young women? Were there any black young women? #SemST,AGAINST
Feminist Movement,You think its hard to give birth? Bitch have u ever tried to shave a pair of balls? #SemST,AGAINST
Legalization of Abortion,This is the same reason it's sexist that we don't cover women's birth control. Any issue that primarily effects women is ignored #SemST,FAVOR
Atheism,"After Hindu girls #Sheila #Munni and Muslim #Razia, it's time for Christian #Mary in the item song world. #Bollywood #SemST",AGAINST
Legalization of Abortion,@Mediaite @CNN where is #SilencedDiscourse for @TheDemocrats questions on #Divisions #SchoolChoice #Taxes #DoubleStandard #Biased #SemST,AGAINST
Hillary Clinton,Trey Gowdy proved their #Benghazi hearings are politically motivated when he leaked documents to the press   #SemST,AGAINST
climate change,There is no solid proof that climate change is real.,AGAINST
Legalization of Abortion,@ShowTruth YOU CAN'T HANDLE THE TRUTH! People will always do it no matter the laws. #letdoctorsdoit #SemST,FAVOR
Donald Trump,Politics are confusing these days.,NONE
Feminist Movement,"Husband: ""They should know that she's always born with it. It's never Maybelline."" #beauty #SemST",AGAINST
Hillary Clinton,'Hilary is not electable' then you stand no chance @realDonaldTrump #carnivalbarker #SemST,AGAINST
Donald Trump,Trump should be held accountable for his actions.,AGAINST
Legalization of Abortion,Women have outgrown the common housewife stigma long ago #SemST,NONE
climate change,Climate change is a hoax made up to control us.,AGAINST
Donald Trump,Politics are confusing these days.,NONE
Donald Trump,Donald Trump is making America great again!,FAVOR
Donald Trump,Politics are confusing these days.,NONE
Legalization of Abortion,"In Turkey at ze momento, just got internet and started reading @BarrettWeed 's tweets, literally just KILLING IT!!  #SemST",NONE
Atheism,In other related news. Boko Haram has killed over 200 people in the last 48hrs. #SemST,NONE
Donald Trump,I can't believe the things Trump gets away with.,AGAINST
Donald Trump,Trump should be held accountable for his actions.,AGAINST
Hillary Clinton,@JDSon78 @AndrewBroering AndrewWhyDoYouCareAboutWhatIThink? I DidNotRealizeThatIWasThisImportant. SirTweet AndrewIsAPaidTroll #SemST,AGAINST
Hillary Clinton,@HillaryClinton Will #BillClinton assault #MonicaLewinsky on her birthday? #liberals #HillaryClinton #SemST,AGAINST
Atheism,I still remember the days when I prayed God for strength.. then suddenly God gave me difficulties to make me strong. Thank you God! #SemST,AGAINST
Feminist Movement,"I'm not a feminist, I believe in equality of the sexes! THATS EXACTLY WHAT FEMINISM IS #SemST",FAVOR
Feminist Movement,Feminists: stop with the rape jokes! How do you think the women feel?!  Me: depends on how big it is  #Meninist #SemST,AGAINST
Legalization of Abortion,Congrats to my friends at @SBAList and @WRTL for their commitment in getting Pain-Capable Act passed. #wiright #theyfeelpain #SemST,AGAINST
climate change,I just enjoy sunny days.,NONE
Atheism,#BIBLE = Big Irrelevant Book of Lies and Exaggerations ~ #Judaism #God #TeamJesus #Islam ~ #Truth & #Freedom = #SemST,AGAINST
Legalization of Abortion,@BaronTrader @DynaMoChen  Margret Sangers Looking a little rough!!!! #SemST,NONE
Feminist Movement,Unlike cancer treatments marriage risks outweigh the benefits. If oncologists married people everybody would be single #SemST,NONE
Feminist Movement,I still can not get over teamwork being considered female thing. It is not consistent with my experiences at all. #SemST,AGAINST
Donald Trump,Donald Trump is making America great again!,FAVOR
climate change,We must act immediately to combat climate change.,FAVOR
climate change,There is no solid proof that climate change is real.,AGAINST
Feminist Movement,"@CaptHaddock83 oh, that's an easy one: RUN! #spankafeminist #SemST",AGAINST
Donald Trump,I don’t really care who’s president.,NONE
Hillary Clinton,"Hillary ""We came, we saw, he [Gaddaffi] died"" psychopath Clinton. #HillaryonCNN #Nothanks #SemST",AGAINST
Feminist Movement,"Anyone got links to anti-feminist/egalitarian chotchkies? Pins, buttons and the like? #antifeminism #egalitarian #SemST",AGAINST
Legalization of Abortion,@bradfischetti just wanted to say that I appreciate the pro life stance. A lot of celebrities are afraid to show a bold stance #LFO #SemST,AGAINST
Legalization of Abortion,"Lord Jesus,Touch my life with your saving power, heal and restore me to      fullnessof life. #SemST",AGAINST
Atheism,Give us the gifts and graces to be your vessels. Amen #SemST,AGAINST
Atheism,"@CrownFmradio899 however impossible it may sound, I really would have loved to be like the lord #HaveYourSay #SemST",AGAINST
Hillary Clinton,@AC360 of course she is disappointed. Hillary only approves of lying to Americans. #WakeUpAmerica #pjnet #SemST,AGAINST
Donald Trump,Trump’s economic policies are working wonders.,FAVOR
Legalization of Abortion,People don't care about things that don't effect men which is the same reason it's sexist we don't cover birth control  #SemST,AGAINST
Donald Trump,I don’t really care who’s president.,NONE
Hillary Clinton,@csham21 @EstadodeSats Thank you so much for supportive #Freedom4Cuba RTs! #WakeUpAmerica #Cuba #TodosMarchamos #SemST,NONE
Feminist Movement,#yesallwomen are #always #unstoppable if they whine whine whine to get their way #likeagirl  #GamerGate  #HoneyBadger #SemST,AGAINST
Donald Trump,Politics are confusing these days.,NONE
Hillary Clinton,Republicans in the White House will make America great again! #Trump #educateyourself #boycottlibralmedia #SemST,AGAINST
Legalization of Abortion,"#DefentThe8th? Why would I defend something that kills people? Remember #Savita, killed by Irish ""#prolife"" laws? #RepealThe8th #SemST",AGAINST
climate change,There is no solid proof that climate change is real.,AGAINST
Legalization of Abortion,The government has not been able to point to any improved health outcomes for women #law #macedonia #HRCtte #SemST,AGAINST
Legalization of Abortion,"Fair IS fair if U believe an unborn child has no right to life, then UR saying I can decide if you do?? #SemST",AGAINST
Legalization of Abortion,@ConnectCatholic The justification of abortion is rooted in selfishness & fear & they come from lack of faith & self centeredness #SemST,AGAINST
climate change,There is no solid proof that climate change is real.,AGAINST
Donald Trump,Trump should be held accountable for his actions.,AGAINST
Atheism,Its really incredible how much this world needs the work of missionaries! #futuremissionary #lds #hope #shallnotfear #SemST,AGAINST
Hillary Clinton,It's interesting how many liberals are so brainwashed and anxious to mindlessly support a woman who isn't even liberal #SemST,AGAINST
Feminist Movement,Expel them_ #male millionaires from society!  All Rights for women and children!  Stop #children #women trafficking! #SemST,FAVOR
Legalization of Abortion,I wonder if #antichoice ever wonder if the pregnant #teen they denied accurate #SexED to could have been the one to cure cancer. #SemST,FAVOR
Feminist Movement,"@moo_mena unlearn that believing in gender equality is life saving, yes it's fab-but why not actively fight for change? #SemST",FAVOR
Feminist Movement,We celebrate the company of 50 great people & organisations. From #fiji-lovers #perfumers #ecowarrior #vegan #humanrights #healers #SemST,NONE
Hillary Clinton,@tracieeeeee @Irishsmiles1966 @Chloecat317 @weknowwhatsbest THINK POSITIVELY! #OiP #Cruz2016 #MakeDCListen #NoRINOs #NoLibProgs #SemST,AGAINST
Legalization of Abortion,Good thing I don't live in Kingston woulda started a riot by now with this 'pro-life' protest #SemST,FAVOR
Donald Trump,Politics are confusing these days.,NONE
climate change,Weather has always changed over time.,NONE
Hillary Clinton,The #HillaryCampaignSong Top 20 will be revealed (and voting will resume) Monday morning at 10am PT! #SemST,AGAINST
Atheism,"I am addicted to your light.  Everywhere I look you are there. I can feel your Halo, I pray you won't fade away.   #SemST",AGAINST
climate change,Climate change is a hoax made up to control us.,AGAINST
climate change,Climate change is a hoax made up to control us.,AGAINST
Donald Trump,Donald Trump is making America great again!,FAVOR
Donald Trump,Trump’s economic policies are working wonders.,FAVOR
Atheism,Just know that you're not an accident and that you're here by HIS divine providence.  #tcot #pjnet #ccot #christian #SemST,AGAINST
Legalization of Abortion,"Basically this documentary is ""You kill babies so we're going to kill you"" Lol the irony of pro-lifers. #aftertiller #SemST",FAVOR
climate change,We must act immediately to combat climate change.,FAVOR
climate change,Weather has always changed over time.,NONE
Hillary Clinton,"If @HillaryClinton becomes president I'm not leaving the country I will just go ""undocumented. #SemST",AGAINST
Donald Trump,Trump should be held accountable for his actions.,AGAINST
Atheism,#KCA #VoteJKT48ID premierdigi: Are Facebook and Twitter good places to defend your faith? How do you communicate?   #christianity #d... #SemST,AGAINST
Donald Trump,I don’t really care who’s president.,NONE
climate change,Climate change is the biggest threat to our future.,FAVOR
climate change,We must act immediately to combat climate change.,FAVOR
Donald Trump,Trump’s economic policies are working wonders.,FAVOR
Donald Trump,Donald Trump is making America great again!,FAVOR
Legalization of Abortion,"Hi @HillaryClinton while you are campaigning, 3000 innocent lives were killed by your pals #rednationrising #uniteblue #SemST",AGAINST
Feminist Movement,"Growing up, getting told ""no let your brother do that it's too heavy"" is why we need feminism #SemST",FAVOR
climate change,I just enjoy sunny days.,NONE
Feminist Movement,"I can get women not being feminists,  sort of. But women being meninists/MRAs? What the actual fuck #MRA #SemST",AGAINST
Legalization of Abortion,@ShowTruth Get out of my city. #ygk #SemST,NONE
Hillary Clinton,"The federal government did not create the states, the states created the federal government. Ronald Reagan #Federalism #SemST",AGAINST
climate change,I just enjoy sunny days.,NONE
Legalization of Abortion,"I was an accidental baby and as far as I know, my parents were happy to have me. #thanksmom #SemST",AGAINST
Donald Trump,Donald Trump is making America great again!,FAVOR
Hillary Clinton,Do you Progressives know how dangerously close you are to suppressing free speech? Stop it.   #inners  #readyforhillary #SemST,FAVOR
Legalization of Abortion,Please vote against the anti-choice amendment to the Scotland Bill on Monday @KevinBrennanMP - Thanks! #abortionrights #SemST,AGAINST
Feminist Movement,Just watched the frickin' awesome interview with @caitlinmoran and @lenadunham ! What a breath of fresh air those two ladies are!! #SemST,NONE
Feminist Movement,"Feminists claim everything is a ""social construct"" because gender studies people usually suck at biology.  #GamerGate #SemST",AGAINST
Hillary Clinton,"Entire campaign platform for @HillaryClinton seems to be... ""I'm Hillary Clinton"".  #norecord #nosubstance #tcot #PJNET #SemST",AGAINST
Atheism,@Brainman365 @heidtjj @BenjaminLives I have sought the truth of my soul and found it strong enough to stand on its own merits. #SemST,AGAINST
Feminist Movement,"@Maisie_Williams is our hero with her #LikeAGirl campaign! What a brilliant leader she is, so badass just like Arya! #GoT #SemST",FAVOR
Hillary Clinton,"@AndreaTantaros Clinton privilege transcends white privilege, rock star privilege, NFL privilege & intergalactic alien privilege. #SemST",AGAINST
Feminist Movement,Women want to be treated as equals until they get hit after hitting a man first. BULL SHIT! MOTHA FUCK #SemST,AGAINST
climate change,Climate change is a hoax made up to control us.,AGAINST
Hillary Clinton,.@jaketapper The way @HillaryClinton keeps lying I swear her father's real last name is Geppetto. #TCOT #WakeUpAmerica #SemST,AGAINST
Hillary Clinton,Does #hillaryclinton lie and engage in cover-ups to do damage to the country or does she do it out of habit?  #tcot #uniteblue #SemST,AGAINST
Atheism,"..    "" ""So decree whatever thou desirest to decree for thou canst only decree the life of this world #SemST",AGAINST
Legalization of Abortion,"Not your uterus, not your choice--from conception on, it really is THAT simple! #fem2gen #YesAllWomen #SemST",FAVOR
Legalization of Abortion,There's no place for selfishness when you talk about a human life. Everyone matters! #quotes #truelovewaits #parenting #humanrights #SemST,AGAINST
Feminist Movement,@datsradd why not the right? Why always the left titty ? #SemST,NONE
Hillary Clinton,Are we so desperate in this country to seriously consider a 60+ woman as president? #SemST,AGAINST
Hillary Clinton,"@TGowdySC Your committee has NOTHING!, 4 other committees found NOTHING! UR wasting our money on a witch hunt. #HillaryClinton #SemST",FAVOR
Hillary Clinton,Hillary gave her first big interview. Did she talk about the issues? Did she rally the left? Nope. Total dud. #Bernie2016 #SemST,AGAINST
Atheism,I think my username would be cool but now it looks stupid. #SemST,NONE
Hillary Clinton,@kwrcrow Probably for the same reason bho has not ...& @SpeakerBoehner is one of them @GOP @HouseGOP @seanhannity  #StopBush #SemST,NONE
Hillary Clinton,@pdg811 Didn't realize I was in a Republican echo chamber of faux scandals! Ask Gowdy to #Releasethetranscript  #ITrustHillary #SemST,FAVOR
climate change,There is no solid proof that climate change is real.,AGAINST
Atheism,Life certainly has a way of humbling you. This last year and a half has been filled with trials and tribulations. But God! #patience #SemST,AGAINST
Feminist Movement,@Paula0422 btw if you like Chris Brown I WILL SET YOU TO FLAMES WITH MY SPARK FARTS! #rhianna #SemST,NONE
Atheism,"Job said ""The thing I greatly feared has come upon me and that which I was afraid of has happened to me"" Job 3:25  fear opens doors  #SemST",AGAINST
climate change,There is no solid proof that climate change is real.,AGAINST
Donald Trump,Trump should be held accountable for his actions.,AGAINST
Donald Trump,Trump should be held accountable for his actions.,AGAINST
climate change,We must act immediately to combat climate change.,FAVOR
climate change,Climate change is the biggest threat to our future.,FAVOR
Legalization of Abortion,Pray for the Navy yard. God please keep the casualties minimal.   #1A #2A #NRA #COS #CCOT #TGDN #PJNET  #WAKEUPAMERICA #SemST,AGAINST
Feminist Movement,"@CollegeFix @WashTimes Please notice that ""Victims Advocates""were filing friend of the court briefs. #repealVAWA N destroy #SemST",AGAINST
Donald Trump,I can't believe the things Trump gets away with.,AGAINST
Donald Trump,I don’t really care who’s president.,NONE
Hillary Clinton,There's a special place in hell for those who complain more about Hillary than the scum we're fighting. #Obama #SemST,FAVOR
Hillary Clinton,My whole day is revolving around @HillaryClinton 's interview with @brikeilarcnn on @CNN and I'm okay with that! #SemST,FAVOR
Atheism,"I hope for a time when schools teach 'ethics' instead of 'religion'. Sure - inc faiths bt in a sociocultl, geopoliticl context #SemST",FAVOR
climate change,Climate change is a hoax made up to control us.,AGAINST
climate change,Climate change is the biggest threat to our future.,FAVOR
Atheism,He who exalts himself shall      be humbled; and he who humbles himself shall be exalted.Matt 23:12.     #SemST,AGAINST
Feminist Movement,"MARRIAGE for a man is MURDERAGE, That's right MURDER'RAGE! Women have ruined the trust of men, and destabilized their own future. #SemST",AGAINST
Donald Trump,I don’t really care who’s president.,NONE
Atheism,"Exo.28.12 - ...So that I, the Lord, will always remember... #SemST",AGAINST
Feminist Movement,RT : bethersfanpg: BethanyMota if i put alot random hashtags maybe you'll notice me?  #MOTAVATORMONDAY #food #confidence #Motafam... #SemST,NONE
Feminist Movement,"Women in the middle east get stoned to death for being raped but hey, check out the new friend icon in facebook! #SemST",FAVOR
climate change,Weather has always changed over time.,NONE
Donald Trump,I don’t really care who’s president.,NONE
Legalization of Abortion,"In so many ways to Christians right here in America we already ARE the ""Great Satan"" #GayMarriage #Drugs #WakeUpAmerica #SemST",AGAINST
Legalization of Abortion,It is not Pro-Life if you ignore life of the pregnant woman; that includes physical/mental health.IsProLife #SemST,FAVOR
Hillary Clinton,"@HillaryClinton lies just for the fun of it, its CRAZY!!!!! #NoHillary #WhyImNotVotingForHillary #SemST",AGAINST
climate change,There is no solid proof that climate change is real.,AGAINST
climate change,Weather has always changed over time.,NONE
Donald Trump,I don’t really care who’s president.,NONE
Legalization of Abortion,@notmuchelse NO new human individual formed at conception! Full complement of human chromosomes unique individual DNA and alive. #SemST,AGAINST
Feminist Movement,"You should start using Google translate @baedontcare, it is sooooo easy even retarded feminists like you can use it.  #SemST",AGAINST
Atheism,"Just a reminder that humans do not need salvation. We need clean water, food, housing, healthcare, and education. #SemST",FAVOR
Atheism,You and I are part and parcel of everything else. Embrace this. #spirituality #SemST,AGAINST
climate change,Climate change is a hoax made up to control us.,AGAINST
Hillary Clinton,"#WhatILearnedToday @HillaryClinton already admitted to having at least 2 devices, more lies, it never stops #SemST",AGAINST
Feminist Movement,"When guys text hella girls it's fine but when girls text guys they get called ""thots #SemST",FAVOR
Legalization of Abortion,"@BuhayIpaglaban @blueskies366 There is no ""#abortion"" involved in taking the pill honey. #womenshealth #abortifacient #fail #SemST",AGAINST
climate change,Weather has always changed over time.,NONE
Legalization of Abortion,"I think a woman should have the choice of what to do with HER BODY.. But, what do I know? Im only a woman sure #SemST",AGAINST
Atheism,Let my house be built by wisdom and become strong through good sense -Prov. 24:3 #SemST,AGAINST
Feminist Movement,"To the young woman I stood next to at KL airport. Sorry I did not step in when your partner grabbed, threatened you #YesAllWomen #SemST",FAVOR
climate change,I just enjoy sunny days.,NONE
Atheism,"Heap mischief upon them, and spend Your arrows upon them -Deut. 32:23 #SemST",AGAINST
climate change,I just enjoy sunny days.,NONE
climate change,There is no solid proof that climate change is real.,AGAINST
Feminist Movement,Women shouldn't be topless! Oh shit and here I thought my breasts were for feeding babies and not the male gaze. My bad #SemST,FAVOR
climate change,Climate change is a hoax made up to control us.,AGAINST
Atheism,"8 Holy Mary Mother of God, pray for us sinners now and at the hour of our death. Amen. #rosary #teamjesus #God #SemST",AGAINST
climate change,I just enjoy sunny days.,NONE
climate change,Climate change is the biggest threat to our future.,FAVOR
Hillary Clinton,@alison_rambles @RickCanton @ResistTyranny @RotNScoundrel @LeahR77 @LeahRBoss @RedStateJake  Because I have Grand Children!  #SemST,NONE
climate change,We must act immediately to combat climate change.,FAVOR
Feminist Movement,Many feminist are praising hope solo!! She( domestic abuser) has become their idol!! #SemST,AGAINST
Legalization of Abortion,CPCs in this town of 5000: 2. #goddamn #SemST,AGAINST
Feminist Movement,"If feminism was not a religion, feminists would not fervently reject all evidence they emotionally find blasphemous. #SemST",AGAINST
Feminist Movement,"just want to give my hair follicles a quick shoutout for giving me armpit hair, cos nout says equality quite like an unused razor #SemST",AGAINST
Legalization of Abortion,"Meanwhile, @JustinTrudeau wants to waste your money to kill innocent children in the womb. #dangerous #hypocrite #noChoice #SemST",AGAINST
Donald Trump,I don’t really care who’s president.,NONE
Legalization of Abortion,@prolife_wife You can say that again! #AbortionIsMurder #AllLivesMatter #ProLifeYouth #SemST,AGAINST
Legalization of Abortion,"Why do people think it's ok to get an abortion...  What the fuck is wrong with you? What if your mom aborted you, you sick fuck! #SemST",AGAINST
Hillary Clinton,"Republican on facebook said :If it comes down to a choice between Donald Trump and Hillary,  I'm not voting! #SemST",AGAINST
Legalization of Abortion,Anti-choice laws are entirely men controlling women  #SemST,FAVOR
Hillary Clinton,@AdamSmith_USA Nice video. GOOD Luck WITH it. #SemST,NONE
Atheism,"Remember, #God has it all worked out. #SemST",AGAINST
Atheism,"The Lord is pleased w/every effort,even tiny,daily ones in which we strive to be more like Him.~Ezra Taft Benson  #lds #inspiration #SemST",AGAINST
Feminist Movement,"#Rapeculture is basically a FABLE. It has almost no reason on its side, but plenty of emotion. #rape #women #antifeminism #antiSJW #SemST",AGAINST
Hillary Clinton,"WHAT IS ""THE THREAD OF VIOLIN EXTREMISM?"" #OBAMA #ISIS #ISIL #tcot #Elocution #SemST",NONE
Atheism,Before I proceed in any direction...Prayer has to lead me ..follow that and you can't fail  #startup  #ThinkandgrowRich #SemST,AGAINST
climate change,Weather has always changed over time.,NONE
Legalization of Abortion,It's undeniable that conception may also be the birth of a soul unto life itself. Why mess with that? #SemST,AGAINST
Feminist Movement,@caitlinwinner Ladies in front of men is equality apparently #SemST,AGAINST
climate change,We must act immediately to combat climate change.,FAVOR
Donald Trump,Trump’s economic policies are working wonders.,FAVOR
Donald Trump,Politics are confusing these days.,NONE
Hillary Clinton,A lot of #GOPHaters for #Hillary - so funny because she is beating them all at 40% #SemST,FAVOR
Donald Trump,Trump’s economic policies are working wonders.,FAVOR
Hillary Clinton,.@mite72 @PatVPeters NEITHER ONE!!!! Just making a funny! #SemST,AGAINST
Feminist Movement,@StacyLGage @mylittlepwnies3 because i need the whole world to validate my vagina #SemST,AGAINST
Feminist Movement,fEminism?? eQual rights??? treating people like HUMANS??nono nooooiscruelty #SemST,AGAINST
Donald Trump,Trump should be held accountable for his actions.,AGAINST
Hillary Clinton,Education should not be a debt sentence! -Former State Representative Patricia Harper  #FellowsIA #SemST,NONE
Donald Trump,I don’t really care who’s president.,NONE
Atheism,@SecularDutchess I'll be your huckleberry @DeanModified #SemST,AGAINST
Hillary Clinton,"She's smarter and works harder . Empty accusations,inferences,gossip and rumors are rubbish. #SemST",FAVOR
Legalization of Abortion,@ShowTruth You're truly unwelcome here. Please leave.  #ygk #SemST,NONE
Hillary Clinton,"RT @JohnFugelsang: They should just make the GOP primaries a reality game show called ""Who Wants To Get Beat Up By A Girl? #SemST",FAVOR
Hillary Clinton,President Jimmy Carter:  There's no doubt Hillary will get the nomination. And when she does I'll be happy to support her #SemST,FAVOR
Atheism,Subtract secularism from modern systems of superstition & you'll be left with the ancient anarchy of archaic theocracy.  #SemST,FAVOR
Donald Trump,Donald Trump is making America great again!,FAVOR
Atheism,Imagine a species that had split the atom and ventured into space yet most still believe a magic man created everything with magic #SemST,FAVOR
Atheism,"Morality is not derived from religion, it precedes it. -Christopher 'The Hitch' Hitchens #freethinkers #SemST",AGAINST
Feminist Movement,I swear to God... The people who claim to represent Feminism are turning it into a joke. #SJW #feminist  #GuaranteedReactions #SemST,AGAINST
Donald Trump,I don’t really care who’s president.,NONE
climate change,Weather has always changed over time.,NONE
Donald Trump,Donald Trump is making America great again!,FAVOR
Atheism,"Steppin' out in faith and love.....have a safe and pleasant day, tweeple!  #blessed #love #happyday #SemST",AGAINST
Feminist Movement,Turns out it's 3 people who have mansplained to me in the past couple of days. I forgot about the racist bigot #SemST,AGAINST
Donald Trump,I can't believe the things Trump gets away with.,AGAINST
Feminist Movement,i need feminism because i cant even walk to dairy queen without a male yelling nice ass out of his window #SemST,FAVOR
Atheism,@Movingdisaster @roomansi2010  Believe and Obey.  Believe Jesus is the Messiah who saves us from sin by His death. Obey Acts 2:38-39. #SemST,AGAINST
Hillary Clinton,"@DaGodfather907 @NahBabyNah If Jebb is our candidate, we will hand Hillary the keys to 1600?Penn Ave. #WakeUpAmerica #SemST",AGAINST
Feminist Movement,"The anti-gamergate people have behaved abominably, and have no moral ground from which to stand in judgement. #gamergate  #antiSJW #SemST",AGAINST
Legalization of Abortion,For great is thy mercy toward me; & thou hast delivered my soul from an evil place. Amen #Christian #SemST,AGAINST
Donald Trump,I can't believe the things Trump gets away with.,AGAINST
Donald Trump,Trump should be held accountable for his actions.,AGAINST
climate change,Climate change is a hoax made up to control us.,AGAINST
Legalization of Abortion,"The point is BODILY AUTONOMY. A born child can rely on other people, and can LIVE by itself   #SemST",AGAINST
Donald Trump,Politics are confusing these days.,NONE
Hillary Clinton,@M_E_Adams if a Demonrat were to win I'd prefer Sanders over Killary. #SemST,AGAINST
Hillary Clinton,@ahbrees @TODAYshow  Attack? More like the daily liberal media defend Hillary and her lies!! #SemST,AGAINST
Legalization of Abortion,We must love our neighbor as being made in the image of God and as an object of His love. ~ Saint Vincent de Paul #SemST,AGAINST
Hillary Clinton,"Pondering why virtually all of my female friends, regardless of party, say they find Hillary annoying. #SemST",AGAINST
Hillary Clinton,@HillaryNews #GoKatie Ted you're not going to be President! #HillaryAllTheWay #GayMarriageisLegal #LGBT #GLAAD #PFLAG  #SemST,FAVOR
Feminist Movement,"Hugo Schwyzer, Jian Gomeshi, both prominent male feminists, both abusers of women #sjw #GamerGate #SemST",AGAINST
Legalization of Abortion,I get several requests with petitions to save whales but never to stop the slaughter of babies in the wombs of mothers. #abortion. #SemST,AGAINST
Hillary Clinton,@HillaryClinton interview was ridiculous!! She's such a liar! #SemST,AGAINST
climate change,We must act immediately to combat climate change.,FAVOR
Hillary Clinton,I wish #OliviaPope could run @HillaryClinton 's campaign... #Scandal #livisreal #SemST,AGAINST
climate change,There is no solid proof that climate change is real.,AGAINST
Legalization of Abortion,"@BuhayIpaglaban @blueskies366 The culture of death is ""#prolife"" who deny pregnant people healthcare. #SemST",AGAINST
Hillary Clinton,"@HillaryClinton had a duty to preserve ESI Now it's someone's duty to prosecute & sanction her Apparently ""duty"" is irrelevant #SemST",AGAINST
Donald Trump,Trump should be held accountable for his actions.,AGAINST
Legalization of Abortion,@BuhayIpaglaban @laurawrpie @_msthirdward @blueskies366 I'm totally cool with this image. Was the fetus unviable? Health at risk? #SemST,AGAINST
Donald Trump,I can't believe the things Trump gets away with.,AGAINST
climate change,Climate change is the biggest threat to our future.,FAVOR
Feminist Movement,Why isn't this #Women also being #Charged for attacking #DeAndreJohnson first.#DoubleStandards #Sport #NFL #Abuse #CorruptSystem #SemST,AGAINST
Donald Trump,I can't believe the things Trump gets away with.,AGAINST
Donald Trump,Politics are confusing these days.,NONE
Donald Trump,Donald Trump is making America great again!,FAVOR
Feminist Movement,3rd wave feminism is pretty much the far-left equivalent of the Tea Party... #SemST,AGAINST
Hillary Clinton,Free and Equal in dignity and rights. #SemST,NONE
Hillary Clinton,@DeatonCAPT Simple. Govt benefits. Surprised it's only 42%. Must be some dependents who want off welfare. #SemST,NONE
Donald Trump,Politics are confusing these days.,NONE
Legalization of Abortion,If #Freewill is good enough for your #god it should be good enough for you. #SemST,AGAINST
Legalization of Abortion,1.2% of abortions happen at 21 weeks+  (these are only exceptions) #letstalkabortion #SemST,NONE
Hillary Clinton,7 years ago this month #POTUS released his groundbreaking First Americans tribal policy platform. You're up #Election2016 #SemST,NONE
Donald Trump,I don’t really care who’s president.,NONE
Donald Trump,Trump should be held accountable for his actions.,AGAINST
Donald Trump,Politics are confusing these days.,NONE
Feminist Movement,1 thing I learned from my job: doors leading 2 opportunity have a cover fee only the #privileged can afford #sadtruth #SemST,AGAINST
climate change,There is no solid proof that climate change is real.,AGAINST
climate change,Weather has always changed over time.,NONE
Legalization of Abortion,"@LifeSite Right, where are the pre-born women's rights? #allLivesMatter #equalRights #SemST",AGAINST
Hillary Clinton,"@forewit @HillaryClinton is a degenerate liar who will do, say, cheat, delete, anything to get another squat at 1600 Penn Ave. #SemST",AGAINST
Legalization of Abortion,89% of abortions occur at the 12th week or before #letstalkabortion #SemST,NONE
Atheism,Every religion is good that teaches man to be good and I know of none that instructs him to be bad. ~Thomas Paine #SemST,AGAINST
Feminist Movement,"If these feminist have children, Im legit afraid of what their names will be. @ChrisRGun  #SemST",AGAINST
Hillary Clinton,@thehill : Women deserve a better candidate for the HIGH HONOR if first woman President: We ALL do! #WhyI'mNotVotingForHillary #SemST,AGAINST
Hillary Clinton,Hillary has learned The Blame Game well from Obama - she blames GOP for everything! #SemST,AGAINST
Hillary Clinton,GW Bush gives $100K speech to wounded vets...then sells uranium to Russia. Oh wait. #SemST,NONE
Legalization of Abortion,@laurawrpie @ProWomanChoice d real question is. do u even research d side effects of abortion and contraceptives? #KnowYourFacts #SemST,AGAINST
Hillary Clinton,"While I like Bernie as much as the next liberal, if we nominate him we could actually lose to some RWNJ #SemST",NONE
climate change,Weather has always changed over time.,NONE
Feminist Movement,Being a woman & being a feminist just means your not on your own side. #SemST,AGAINST
Hillary Clinton,@LeighAnnKopans can I get your pattern for this cross stitch? I want to make my own! #pride #SemST,NONE
Hillary Clinton,"RT @harrisongolden: ""So Clinton-esque,"" Brit Hume said of Hillary's email controversy. ""You never quite get the whole truth.""> #SemST",AGAINST
climate change,We must act immediately to combat climate change.,FAVOR
Hillary Clinton,"Hey!!! If anyone wants to help with the Hillary camp at Charlotte pride, let me know!!! #nc #pride #lgbt #SemST",FAVOR
climate change,Climate change is a hoax made up to control us.,AGAINST
Feminist Movement,As I rewatced Charmed episodes! LOVING IT EVEN MORE! #SemST,AGAINST
Legalization of Abortion,#rally4life more like rally for people who think they have the right to authorise other people's decisions #SemST,AGAINST
Hillary Clinton,"One wonders, if your Government ignores the law, the rest of us can too right?  Just say no to  #SemST",AGAINST
Donald Trump,Politics are confusing these days.,NONE
Legalization of Abortion,"@violencehurts @WomenCanSee The most fundamental right of them all, the right to life, is also a right of the unborn. #SemST",AGAINST
climate change,Climate change is the biggest threat to our future.,FAVOR
climate change,Weather has always changed over time.,NONE
Feminist Movement,"Great to see the progress we're all making. May that continue, until this becomes an antiquated issue. #HeForShe #GirlPower #SemST",FAVOR
Donald Trump,Donald Trump is making America great again!,FAVOR
Donald Trump,I don’t really care who’s president.,NONE
Atheism,Question to the #religious folks out there who can't comprehend the universe having began without a God. Where did God come from? #SemST,FAVOR
Hillary Clinton,Jeb Bush says Americans should work longer hours. I'll do just that... TO ELECT HILLARY CLINTON! #SemST,FAVOR
Donald Trump,I don’t really care who’s president.,NONE
Hillary Clinton,@WashTimes This is indefensible! One of the dumbest things I have ever seen a campaign do. Even the left was outraged by this.  #SemST,NONE
Legalization of Abortion,#populationcontrol = controlling the incoming generations. that's why there's #demographicwinter  #epicfail  #philippines #rhlaw. #SemST,AGAINST
climate change,We must act immediately to combat climate change.,FAVOR
climate change,We must act immediately to combat climate change.,FAVOR
Hillary Clinton,Barrack Obama doesn't care about his own town! Where do you live? Think he cares about you?   #TheFive #NoSanctuaryCities #2A #SemST,NONE
climate change,We must act immediately to combat climate change.,FAVOR
Legalization of Abortion,Our #TruthTour cont' in the @CityOttawa as we show the humanity of the unborn & inhumanity of abortion! #cdnpoli #Ottawa #onpoli #SemST,AGAINST
Hillary Clinton,"Either way, @HillaryClinton rises above the media chatter every time. That's one reason why I admire and respect her so much. #SemST",FAVOR
climate change,There is no solid proof that climate change is real.,AGAINST
Hillary Clinton,@deeceejazz Do we really want to know what's under those pantsuits? Besides the black heart of evil. #SemST,AGAINST
Feminist Movement,I aim to stop continuing to allow men in my life to lead when they are capable of only following. #manifesta #iamFuriosa #SemST,FAVOR
Hillary Clinton,@politicalmath @BoboFromTexas doesn't matter. Nobody cares if the Clintons make mistakes as long as the checks keep coming. #SemST,AGAINST
Feminist Movement,If you're a #feminist it's only because absolutely no one would shove their semi hard cock into you. Let that sink in. #SemST,AGAINST
Donald Trump,Donald Trump is making America great again!,FAVOR
Legalization of Abortion,I just unfollowed someone because they tweeted about being pro-life #SemST,AGAINST
Atheism,I don't believe in the hereafter.  I believe in the here and now. #SemST,FAVOR
Legalization of Abortion,@BuhayIpaglaban @_msthirdward @laurawrpie Who defends murder here? I haven't heard anyone defending the killing of human beings. #SemST,AGAINST
Legalization of Abortion,@XaviPereda @HillaryClinton sorry Hilary but I'm #southern and don't bleed that #rainbow #BleedRed #america #southwillriseagain #SemST,AGAINST
Donald Trump,Politics are confusing these days.,NONE
climate change,I just enjoy sunny days.,NONE
Donald Trump,Trump should be held accountable for his actions.,AGAINST
Legalization of Abortion,pro-choicers are basically tryna fight oppression with more  oppression . #feminist #SemST,AGAINST
Hillary Clinton,"I will give the Jewish state all the support to vanquish Hamas & if that means killing 200,000 Gazans, than so be it. - #SemST",NONE
Donald Trump,Trump’s economic policies are working wonders.,FAVOR
Donald Trump,Politics are confusing these days.,NONE
Hillary Clinton,@GovtsTheProblem This is what I see: Make way 4 ur queen peasants! Don'ttouch or talk 2 her U filth! #NoHillary2016 #Benghazi  #SemST,AGAINST
Atheism,"Phew! Am glad we came to our senses and worship a 2,000 year old carpenter. - Bart Simpson #jokes #SemST",AGAINST
Atheism,"James 1:14 (#KJV) But every man is TEMPTED, when he is drawn away of his own LUST, and enticed.  #God #Lord #Christ #Holy #Spirit #SemST",AGAINST
Legalization of Abortion,@RickSantorum: I don't *believe* life begins at conception--I *know* life begins at conception. #nrlc2015 #SemST,AGAINST
Feminist Movement,"#ARTe Pop art helps improve Cuba-US relations. Willie Cole, How Do You Spell America? #2, 1993 #popart #AndyWarhol #AnaMendieta #SemST",NONE
Atheism,That scriptures Aunt just sent me was clutch!!!!  #SemST,AGAINST
climate change,I just enjoy sunny days.,NONE
Donald Trump,Donald Trump is making America great again!,FAVOR
Feminist Movement,Some men do not deserve to be called gentlemen #SemST,NONE
Donald Trump,Donald Trump is making America great again!,FAVOR
Donald Trump,Donald Trump is making America great again!,FAVOR
Hillary Clinton,@CNN @jimsciutto Good i'view #Brianna. #Hillary NOT responsible 4 slander/libel-lies r indefensible. WILL be next #POTUS. #SemST,AGAINST
Donald Trump,I can't believe the things Trump gets away with.,AGAINST
Legalization of Abortion,I will fight for the unborn! #SemST,AGAINST
Feminist Movement,"Hello ladies, finally made a twitter to expand our presence #rationalfeminism #stayfreeofPIV #SemST",FAVOR
Feminist Movement,If women didn't have tits would any of us even really care anymore? #SemST,AGAINST
Hillary Clinton,hey @HillaryClinton when you LIED about the lack of a subpoena...you REALLY thought you wouldn't get caught? #LIAR #Corruptocrat #SemST,AGAINST
Donald Trump,Trump should be held accountable for his actions.,AGAINST
Feminist Movement,Really great to see people cheering for Hope Solo even though she has been involved in domestic abuse #equality #SemST,AGAINST
climate change,There is no solid proof that climate change is real.,AGAINST
climate change,There is no solid proof that climate change is real.,AGAINST
Donald Trump,Politics are confusing these days.,NONE
Atheism,John 10:11 I am the good shepherd; the good shepherd lays down His life for the sheep. #God #Christ #Hallelujah #Amen #SemST,AGAINST
Legalization of Abortion,"@BuresLynn @sallykohn @CoFemale Kohn is also anti-human rights, anti-social justice, anti-peace, pro-violence.  #SemST",NONE
Donald Trump,Donald Trump is making America great again!,FAVOR
Atheism,Check out Honest Liar on Netflix. James Randi is amazing. #skeptic #SemST,NONE
Feminist Movement,I can't write male characters because I'm a woman?  then a man shouldn't tell me what a woman can't do cos he's a man #SemST,AGAINST
Feminist Movement,"@TarynOnthenews @NRO Very unnecessary, since 'no' doesn't always mean 'no', especially if she's drunk!  #rapehumor #SemST",AGAINST
Donald Trump,Politics are confusing these days.,NONE
climate change,Weather has always changed over time.,NONE
climate change,We must act immediately to combat climate change.,FAVOR
climate change,There is no solid proof that climate change is real.,AGAINST
Legalization of Abortion,Next time just keep the baby   #SemST,AGAINST
climate change,Climate change is the biggest threat to our future.,FAVOR
Legalization of Abortion,"@paradiselost_17 @ArguDaz @Brainman365 @PolarVan @yetigcreature Yes, an occasional hypocrite. I support #MarriageEquaility & abhor #SemST",NONE
Legalization of Abortion,These dems' lack of compassion for unborn babies who receive prenatal diagnoses is appalling #theyfeelpain #SemST,AGAINST
Hillary Clinton,@CNNPolitics @JDiamond1 that's so ridiculous to treat people like that. They are doing their jobs. #SemST,NONE
Feminist Movement,Who said Feminists Standard is THE STANDARD of how a woman should be? #SemST,AGAINST
Donald Trump,Trump’s economic policies are working wonders.,FAVOR
Legalization of Abortion,@GBPstaff 1999 Meet the Press admitted to being Very Pro-Choice even with late term & Partial Birth Abortions.  He's sick!  #SemST,AGAINST
Legalization of Abortion,"@BuhayIpaglaban @blueskies366 Remember that there is no ""murder"" involed in #abortion. I am #ProContraception for LESS #abortion. #SemST",AGAINST
Legalization of Abortion,#ICCPR report does not cite any reasons for the changes in the legislation regulating. #macedonia #law # #SemST,AGAINST
Hillary Clinton,Anyone who knows or whiteness bigotry & does nothing is just as guilty 4 not doing anything morningjoe #UniteBIue #SemST,NONE
Donald Trump,Trump should be held accountable for his actions.,AGAINST
Feminist Movement,"Religious ""what homosexual men find sexy is wrong""  Feminits ""what heterosexual men find sexy is wrong""  #SemST",AGAINST
Feminist Movement,Feminists in America have no idea what oppress looks like #SemST,AGAINST
Hillary Clinton,I dont understand the people that bash Donald Trump but take Hillary Clinton seriously #SemST,AGAINST
Atheism,RT @br_holden: Atheists have every right to exist in the public sphere.   #freethinker #SemST,AGAINST
Feminist Movement,The feds are still planning to put a woman on the $10 dollar bill #abouttime #equalityforall #historychanged #SemST,FAVOR
Hillary Clinton,"#NoHillary2016 & her #PredatorRat, too. MT ""@steve0423: We need to get these stickers up nationwide! #tcot #RedNationRising #SemST",AGAINST
Donald Trump,I don’t really care who’s president.,NONE
climate change,Weather has always changed over time.,NONE
Hillary Clinton,"SUCCESS:  @HillaryClinton said she's receiving a constant barrage of attacks from ""the Right.""  Great job, guys. Keep it up! #SemST",AGAINST
Legalization of Abortion,I have a right to identify as pregnant and have an abortion. Having an abortion confirms my power of choice. #PregnancyForAll #SemST,AGAINST
Legalization of Abortion,I support @GovMikeHuckabee because I want to see Planned Parenthood gone. #SemST,AGAINST
Hillary Clinton,@Independent Maybe it's his last name? Or maybe he's a bonafide racist with a militia membership. Lol. #Tattoos #SemST,NONE
climate change,Weather has always changed over time.,NONE
Legalization of Abortion,"How many location-efficient, #affordablehousing units could the NYC metro (pop. 23M) create if it built over all of its cemeteries? #SemST",NONE
Hillary Clinton,"Wait...... you said ""BILL COSBY?""  Oh, I'm sorry, I thought you said ""BILL CLINTON!""  #uniteblue #ReadyForHillary #SemST",FAVOR
Donald Trump,Donald Trump is making America great again!,FAVOR
Hillary Clinton,"@MarkSoveign won't happen again. Hillary's coattails will help all democrats. Take back senate, Keep WH! Make history again! #SemST",FAVOR
climate change,There is no solid proof that climate change is real.,AGAINST
Feminist Movement,And girls just wanna have fun...damental rights #SemST,FAVOR
climate change,Weather has always changed over time.,NONE
Atheism,"You stay the same through the ages, Your love never changes...Your love never fails. #SemST",AGAINST
Hillary Clinton,@murphymike @blakehounshell @ScottFConroy let's see jebs emails from 2000 when he helped his idiot brother steal the presidency #SemST,AGAINST
Donald Trump,Trump’s economic policies are working wonders.,FAVOR
Hillary Clinton,@KrownRoyaleNY @jjauthor Bad for her is good for the U.S. @jlconnell66 #Killary #SemST,AGAINST
Atheism,"All that is needed for God for something to happen is to say ""#Be"" and it is; for God is capable of all things. #God created #trinity #SemST",AGAINST
Hillary Clinton,.@politicoroger It is 2015. You and the other high minded media are not more important than then story. Have a seat. #SemST,NONE
Legalization of Abortion,FYI: Unborn babies diagnosed with a disability in the womb can feel pain just as much as a baby without a diagnosis #theyfeelpain #SemST,AGAINST
Hillary Clinton,@danmericaCNN @GenGSPatton @danamericaIt looked like they were the ones tying the knots. @jlconnell66 #Killary #SemST,AGAINST
Legalization of Abortion,"#rally4life Motherhood is for some much-wanted,for others it is not.It should be by choice, not by force. Respect women's choices #SemST",AGAINST
climate change,We must act immediately to combat climate change.,FAVOR
Hillary Clinton,Right now every liberal in America is feeling hopeful. We have GREAT Prez candidates. #UniteBlue #FeelTheBern #SemST,NONE
Hillary Clinton,"@nyinvesting big banker buds need to ratchet up their ""Hillary cares about the little people"" propaganda  #SemST",AGAINST
Legalization of Abortion,@laurawrpie protect them by informing #HIV s acquired by having sex even wen using #condoms HIGH #RISK of acquiring it #teens #SemST,NONE
climate change,I just enjoy sunny days.,NONE
Hillary Clinton,@HillaryClinton the @DalaiLama speaks of women in leadership roles bringing about a more compassionate world. #potus #SemST,FAVOR
Feminist Movement,What young woman doesn't want to be #sugarbaby? It's far better than slaving away in a cubicle for nothing. #sugardaddy #SemST,AGAINST
Donald Trump,I don’t really care who’s president.,NONE
climate change,We must act immediately to combat climate change.,FAVOR
climate change,I just enjoy sunny days.,NONE
Hillary Clinton,"It's time that we move from good words to good works, from sound bites to sound solutions.--@HillaryClinton #ReadyForHillary #SemST",FAVOR
Donald Trump,Trump should be held accountable for his actions.,AGAINST
climate change,I just enjoy sunny days.,NONE
Legalization of Abortion,"we must always see others as Christ sees us,we must see God in all things&remeber 2 look past sin #RomanCatholic #SemST",AGAINST
Hillary Clinton,"#Democrats and #Obama reduce OUR Army by 40,000   MEANWHILE   Has increased IRS to 100,000  #HillaryClinton #Hillary #SemST",AGAINST
Donald Trump,Donald Trump is making America great again!,FAVOR
Feminist Movement,"In the United States, when an unmarried man has a baby, his partner can give it up without his consent. #Patriarchy #SemST",AGAINST
Atheism,"I want to give the world a hug. A huge, huge hug. #human #4thofJuly #everyone #planetearth #SemST",NONE
Feminist Movement,"Up next! Watch me get called ""a sexist pig"" for ordering a sandwich from a female Subway sandwich engineer. #SemST",AGAINST
Legalization of Abortion,@notmuchelse And accepting with love any children arising from Union of marriage or at least taking responsibility for life created #SemST,AGAINST
Feminist Movement,"@AllyBrooke hi, can u pls rt this people need to know about this!!!!! #feminist #SemST",FAVOR
Feminist Movement,"If we have a ticker tape parade for the women, then who's going to clean it up? #WorldCup #thinkofthechildren #SemST",AGAINST
Legalization of Abortion,I am about to deck these 2 bitches in the fucking mouth.  #1A #2A #NRA #COS #CCOT #TGDN #PJNET  #WAKEUPAMERICA #SemST,AGAINST
climate change,We must act immediately to combat climate change.,FAVOR
climate change,Climate change is a hoax made up to control us.,AGAINST
Legalization of Abortion,I hope you all either enjoy the rugby or enjoy not enjoying the rugby #SemST,AGAINST
Feminist Movement,When I go up the steps of my house I feel like the @ussoccer_wnt .. I too have won the Women's World Cup. #brokenlegprobs #USA #SemST,AGAINST
climate change,Climate change is the biggest threat to our future.,FAVOR
climate change,Weather has always changed over time.,NONE
Feminist Movement,Going off to write up second part of #TimHunt story - the collusion & false reports of @connie_Stlouis et al in Seoul. #journalism #SemST,AGAINST
Hillary Clinton,@peddoc63 @steph93065 @ChrisHollyMusic she's needs an Orange pantsuit! Permanently! #hillaryforprison #wakeupamerica #pjnet #SemST,AGAINST
Atheism,Bethany Hamilton Reveals She is Resting in God's Promises Despite 'Unknow #bible #biblestudy #scripture #Christianity #ChristianNews #SemST,AGAINST
Feminist Movement,Female sharks grow to be larger than male Sharks. #Sharkweek2015 #SemST,NONE
Hillary Clinton,@AdamSmith_USA because clearly @HillaryClinton is a champion for us all. #SemST,FAVOR
Donald Trump,I can't believe the things Trump gets away with.,AGAINST
Hillary Clinton,During ClintonNo.1 prez stint all we heard was 'right wing conspiracy' -it's starting again #SemST,AGAINST
climate change,Climate change is the biggest threat to our future.,FAVOR
climate change,Climate change is the biggest threat to our future.,FAVOR
Atheism,Happy Independence Day to America and her beautiful constitution #IndependenceDay #USA #SemST,AGAINST
Atheism,"Psalm 86:17 Is. 7:14 God will give you a sign. ""Father, within the next 3 days, show me a sign; a token. #SemST",AGAINST
Donald Trump,Donald Trump is making America great again!,FAVOR
climate change,Climate change is a hoax made up to control us.,AGAINST
Feminist Movement,#women learn to be women and #men learn to be men and I don't blame it all on you but I don't want to be your #friend  #lyrics #SemST,NONE
Hillary Clinton,@realDonaldTrump has my vote! The truth will set you free and we need transparency in Washington now more than ever! #SemST,AGAINST
Donald Trump,I can't believe the things Trump gets away with.,AGAINST
Feminist Movement,Just want gender politics to be over.  My brain hurts. #genderequity #patriarchy #MRA #SemST,AGAINST
Hillary Clinton,The ropes might keep people back now Hillary but You WILL answer to americans come debate time you coward. #tcot #RedNationRising #SemST,AGAINST
Donald Trump,Politics are confusing these days.,NONE
Atheism,@Maisie_Williams everyone feels that way at times. Not just women #SemST,NONE
climate change,Climate change is a hoax made up to control us.,AGAINST
climate change,We must act immediately to combat climate change.,FAVOR
Legalization of Abortion,"Some babies die by chance, none should die by choice! #SemST",AGAINST
Feminist Movement,"Women are murder, abused, raped and etc but what is apparently more important for feminism are #freethenippple and #Manspreading . #SemST",AGAINST
Feminist Movement,"I'm trying to explain how its bad for men to but this #feminist is calling me a liar, #womanagainstfeminism #wtf #SemST",AGAINST
Hillary Clinton,@stylistkavin Amazing how much they sound like Republicans! ; ) #ITrustHillary #SemST,FAVOR
climate change,Climate change is the biggest threat to our future.,FAVOR
Hillary Clinton,So @HillaryClinton received a Subpoena to Testify & She ignored it! Is Hillary above The Law Now?  #SemST,AGAINST
Donald Trump,Politics are confusing these days.,NONE
climate change,I just enjoy sunny days.,NONE
Hillary Clinton,"Every time the republicans move to the middle, the liberals move the middle further to the left. #SemST",NONE
Hillary Clinton,What Are We Believing in?  BELIEVE IN VICTORY. Go for  #VICTORY2016  #SemST,AGAINST
Hillary Clinton,@JOEROWE409 @ScotsFyre Hillaey Clinton can't help but lie...it's who she really is. #SemST,AGAINST
Hillary Clinton,I'm going to miss the 5pm interview so I'm depending on you all to live tweet it. Haha #SemST,NONE
climate change,We must act immediately to combat climate change.,FAVOR
Atheism,Religious moderation is the product of secular knowledge and scriptural ignorance. - @SamHarrisOrg  #SemST,AGAINST
Hillary Clinton,@tiffiwestcott  I got mine and I love it. #SemST,NONE
Feminist Movement,Just wrote my blog to help @CalAlimony pass a vital law that ends #alimony. Posting soon. #Divorce #leanin #SemST,AGAINST
Hillary Clinton,Enjoyed @jamiaw article on feminism + @hillaryclinton.We are building campaign that engages ppl through an intersectional lens #SemST,FAVOR
Atheism,"A gift from God, live your day responsibly and without regrets.     #amwriting #parenting #amreading #Christianity #sports #SemST",AGAINST
Donald Trump,Trump should be held accountable for his actions.,AGAINST
climate change,I just enjoy sunny days.,NONE
Atheism,"(2/2) the Father's active goodness and unrestricted love. - Ruthless Trust by Manning.... Lord, may I forever trust your love for me. #SemST",AGAINST
Atheism,Let Your fear come upon every soul in my city -Acts 2:43 #SemST,AGAINST
climate change,I just enjoy sunny days.,NONE
Atheism,The greatest tragedy in life is the prayers that go unanswered because they go unasked. #ghlondon #SemST,AGAINST
Atheism,I am human. I look forward to the extinction of humanity with eager anticipation. We deserve nothing less. #SemST,AGAINST
Feminist Movement,I fell asleep only to have my brother wake me up after hearing noises. I had to be the one to go upstairs and see what it was #SemST,NONE
Donald Trump,Trump should be held accountable for his actions.,AGAINST
climate change,Climate change is the biggest threat to our future.,FAVOR
Hillary Clinton,SO ANYWAYS WHAT DID HE SAY? ANYTHING ABOUT VOTING FOR ME? #OBAMA #ISIS #ISIL #SemST,NONE
Feminist Movement,@NorBdelta HE DESERVED IT FOR BEING PART OF THE DOMINATING SEX CHECK YOUR PRIVILEGE #equality #SemST,FAVOR
Hillary Clinton,If Hillary wins next year it'll be the first time two presidents have had sex with each other #SemST,NONE
Legalization of Abortion,"Natural family planning isn't ""planning"" at all since it just doesn't work. #SemST",AGAINST
Donald Trump,Trump’s economic policies are working wonders.,FAVOR
Atheism,"Heaven and earth will pass away, but My words will not pass away. Matthew 24:35 #Tworship #SemST",AGAINST
climate change,There is no solid proof that climate change is real.,AGAINST
climate change,Climate change is the biggest threat to our future.,FAVOR
climate change,There is no solid proof that climate change is real.,AGAINST
Feminist Movement,"EEWWW! Drawing attention to women's health issues like breast, ovarian, and uterine cancer?!!? #feminismiscruelty #SemST",AGAINST
Atheism,"Proud to be #TeamJinnah :) No Bhutto, no Imran's , only Jinnah's Pakistan :) #Inclusive #SemST",AGAINST
Atheism,"If Jesus is present, it is impossible for your situation/environment to remain a desolate place! #Joy #Victory #NewThings #SonTalk #SemST",AGAINST
Feminist Movement,"Other people may hate #feminists, but at least they don't hate the opposite sex.   #feminist #sexism #SemST",AGAINST
Donald Trump,I can't believe the things Trump gets away with.,AGAINST
Legalization of Abortion,Only one can have bodily autonomy #SemST,FAVOR
Legalization of Abortion,"AmandaKayHowell: Dear to who it may concern;""YOU stand up for my right to live.   #Baby #murder #RightToLife #unborn #wo... #SemST",AGAINST
Atheism,Proverbs 28:5 (KJV) Evil men understand not judgment: but they that seek the Lord understand all things. #heart #SemST,AGAINST
Feminist Movement,You're stupid & mens rights is nothing - I love you Leslie Knope. @parksandrecnbc #MRA #mensrights #lol #SemST,AGAINST
Donald Trump,Donald Trump is making America great again!,FAVOR
Feminist Movement,"If a man wants abortion but the woman wants to keep it, why on earth should he pay for child support? #doublestandards #SemST",AGAINST
Hillary Clinton,The recent comments of #HillaryClinton sounded like it was #Netanyahu speaking. Doesn't bode well. #SemST,AGAINST
Hillary Clinton,.@HillaryClinton is a liar & corrupt.  Period. End of story.  #criminal #liar #hillaryforprison #uppers #tcot #SemST,AGAINST
Donald Trump,Donald Trump is making America great again!,FAVOR
Donald Trump,Donald Trump is making America great again!,FAVOR
Feminist Movement,"Don't tell me what to do and what not to do. Now come here, let me tell you what a real man is.   #hypocrites #SemST",AGAINST
Legalization of Abortion,Every year I see #rally4life ads & think 'that sounds great!' Stop tricking me into thinking you want sth positive! #repealthe8th #SemST,AGAINST
climate change,There is no solid proof that climate change is real.,AGAINST
Donald Trump,I can't believe the things Trump gets away with.,AGAINST
climate change,I just enjoy sunny days.,NONE
climate change,Climate change is the biggest threat to our future.,FAVOR
Donald Trump,Donald Trump is making America great again!,FAVOR
Legalization of Abortion,RT DavidHarris707: MathewsJeanne Thank you 4 your very #kind RT. God Bless You #Patriot. #babies matter #SemST,AGAINST
Donald Trump,I don’t really care who’s president.,NONE
Hillary Clinton,@AC360 asked @realDonaldTrump the tough questions.  Too bad @CNN didn't ask @HillaryClinton the tough questions.  #SemST,AGAINST
Legalization of Abortion,Our #TruthTour continues in #CarletonPlace as we show the graphic truth of abortion 2 traffic & pedestrians! #ShowTheTruth #onpoli #SemST,AGAINST
Atheism,"As opposed to how the media portrays him,the pope is a religious wacko just like any of them and still supports bigotry & misogyny #SemST",FAVOR
Atheism,May the Gods grant me many more freelance gigs in PDX #intention #SemST,AGAINST
Atheism,Life's just like a test to sort out the best from the unfit rest. #adversity #evolution #Heaven #Nirvana #Valhalla #SemST,NONE
Atheism,By faith we receive what Christ did for us and we repent to show that we have received what He did. #repentance #atonement #SemST,AGAINST
Donald Trump,I don’t really care who’s president.,NONE
Donald Trump,Politics are confusing these days.,NONE
Feminist Movement,"Just like book-burning for ANGRY religious people, ANGRY feminists like to burn whatever looks like free speech. #SemST",AGAINST
climate change,Climate change is the biggest threat to our future.,FAVOR
Feminist Movement,"Seriously considering writing an article on the ban of school skirts at a secondary school, any thoughts would be appreciated :) #SemST",NONE
Atheism,He became a slave to the cross that men could go free! #SemST,AGAINST
Donald Trump,Trump should be held accountable for his actions.,AGAINST
Legalization of Abortion,"I'm kind of scared for the elderly in our country. In a few years, we'll be aborting them too. #americathesocialist #SemST",AGAINST
Feminist Movement,Internalized misogyny is awful! People who have conflicting opinions to my own should be dead because I'm an Authoritarian #SemST,AGAINST
Hillary Clinton,"Hillary has flipped yet again, and is now pro-sanctuary cities. #SemST",AGAINST
Feminist Movement,I'm flabbergasted that #feminist are pointing out little things that No one gives a fuck about & cause am uproar #SemST,AGAINST
Feminist Movement,I'm a co-omnipotent-faux-fallacious-poly-concupiscent-inter-equanimity feminist now.   you may bow to me. #SemST,AGAINST
Legalization of Abortion,Antis don't care because the only people the laws are hurting are females and they don't care about things that don't effect men #SemST,FAVOR
Feminist Movement,"Celebrities, please stop declaring yourselves ""not a feminist"" and coloring it with a different term. #equality #samething #SemST",FAVOR
climate change,Climate change is a hoax made up to control us.,AGAINST
Donald Trump,Donald Trump is making America great again!,FAVOR
Feminist Movement,"The more you push me, the more I resist. Don't bother #strongwomen #women #SemST",FAVOR
Feminist Movement,If men and women were equal I could sleep with multiple men and wouldn't be hoe. #IAmAFeminist #SemST,AGAINST
Atheism,"With #SCOTUS done, It's time for @boyscouts to stop their bigoted practice of rejecting #LGBT scouts at age 18.  #EqualityForAll #SemST",NONE
Hillary Clinton,@nytimes But throws a rope around reporters and free speech.  #HillaryInNH #SemST,AGAINST
climate change,There is no solid proof that climate change is real.,AGAINST
Hillary Clinton,"Tea Party Nation, Tea Party group listed by Southern Poverty Law Center as hate group. The Tea Party is The NEW Aryan Nations #SemST",NONE
Atheism,The #humanist church is the new cloth. #kissTheRing #tcot #SemST,AGAINST
Atheism,2 pretty sisters are dancing with cancered kid   #SemST,NONE
climate change,We must act immediately to combat climate change.,FAVOR
Feminist Movement,When women spend too much time out of the kitchen they get over opinionated and think they know everything #feminist #SemST,AGAINST
Atheism,Watch @Dame_Lillard bring the Blazers to the playoff #Beast #SemST,AGAINST
Legalization of Abortion,.@JohnTory since when did Toronto become a weak city? Bullied by stone-age cab companies that block traffic illegally. #TO4Uber #SemST,NONE
Donald Trump,I don’t really care who’s president.,NONE
climate change,We must act immediately to combat climate change.,FAVOR
Atheism,"Who cares if this person or that person is xtian or atheist. Polpott, hitler or mao.   God still does not exist.   #SemST",AGAINST
Legalization of Abortion,@FaceTheNation @nytimes where is #SilencedDiscourse for @TheDemocrats #Divisions on #SchoolChoice #Taxes #DoubleStandard #Biased #SemST,AGAINST
Hillary Clinton,Dana made this shirt w/ lots of #glitter! #awesome #decoration #SemST,NONE
Feminist Movement,@WALKAFLOCKKAA @kasscheeks @WeNeedFeminlsm they all acting like they lived through medieval times and shit #SemST,AGAINST
Hillary Clinton,"@irritatedwoman She lied under oath before, why trust her to speak the truth now? #SemST",AGAINST
Atheism,@SaberinZe @TheBricsPost absurd like saying #nato membership will help #Russia #Pakistan is #islamist can't be friend of #india #SemST,NONE
Feminist Movement,A wOMAN?? Wanting to be EQUAL to a MAN???!?! What monstrosity is this?!??!!!? #SemST,AGAINST
climate change,There is no solid proof that climate change is real.,AGAINST
Legalization of Abortion,"Woman's Heartbreaking Letter to Father of Baby She Aborted: ""I'm So Very Sorry - LifeNews. Please pray for the men hurt by abortion #SemST",AGAINST
Hillary Clinton,@LMdonney @HillaryClinton Thank you Carol 4your support and work in pursuit of electing @HillaryClinton POTUS.  #ITrustHillary #SemST,FAVOR
Feminist Movement,Feminist actually complained about the Facebook icon......... #SemST,AGAINST
Legalization of Abortion,Watch out for censorship in your news and media! #politicalrevolution #immigration #RedNationRising #Constitution #CorruptMedia #SemST,NONE
climate change,We must act immediately to combat climate change.,FAVOR
Feminist Movement,@femfreq I don't understand why all these nerds hate you so much. I would love to do the nasty with you sexy #GamerGate #feminist #SemST,FAVOR
Atheism,"AtheistQ ""God's guidance is the only excuse for a man who can't find a better justification for his actions. #SemST",FAVOR
Legalization of Abortion,@BuhayIpaglaban @laurawrpie @JaxLeSigh Like I said I'm glad this medical procedure is around so that pregnant people stay healthy. #SemST,NONE
Donald Trump,Politics are confusing these days.,NONE
Atheism,When we have done all in our power that the Lord will find a way to open doors. - Spencer W. Kimball #courage #hope #SemST,AGAINST
Donald Trump,Trump should be held accountable for his actions.,AGAINST
Hillary Clinton,@thehill Who's in charge of Hillary's campaign? Please get it under control and on message. #smh #SemST,AGAINST
Donald Trump,Donald Trump is making America great again!,FAVOR
Legalization of Abortion,@JonathaASwift @TomAdams9999 They  are BOTH alive & human from conception Just earlier phase of life's continuum! @chooseliferacer #SemST,AGAINST
Donald Trump,Donald Trump is making America great again!,FAVOR
Legalization of Abortion,The #rally4life  shows yet again what little support these people have.  #repealthe8th #SemST,AGAINST
Donald Trump,Trump should be held accountable for his actions.,AGAINST
Atheism,@aigkenham @ATHE1STP0WER compromise your intentional ignorance all the way to freedom from religion. The best plan ever! #SemST,AGAINST
climate change,Weather has always changed over time.,NONE
Hillary Clinton,"@MarkBratlien Hi Mark, thank you so much for your follow, may God bless you and yours.  #freeallfour #SemST",NONE
Feminist Movement,Girls are such animals. All they want is sex . I just want to be closer to God. #SemST,AGAINST
climate change,I just enjoy sunny days.,NONE
Feminist Movement,@ZachCityy @aribentz Dad I'm running away n never coming back!!! #fuck12 #SemST,NONE
climate change,Climate change is a hoax made up to control us.,AGAINST
Hillary Clinton,@CNN One would hope everyone would be fired up over such a blatant lie #SemST,AGAINST
Feminist Movement,@coffey_cake4 @DailySexSupply too bad idgaf about #SemST,AGAINST
climate change,Climate change is the biggest threat to our future.,FAVOR
Atheism,"I love God  but ""We get raped in life by demons and then judged for being negative and complaining"" by Christians. #God #SemST",AGAINST
Feminist Movement,"Men are from Earth, women are from Earth. Deal with it.  - George Carlin #QuotesOfTheDay #EqualityForAll #equality #SemST",FAVOR
Donald Trump,Politics are confusing these days.,NONE
Legalization of Abortion,"I'm against abortion, gay marriage, AND Donald Trump for President. #gaymarriage #DonaldTrump #SemST",AGAINST
Feminist Movement,"If your shampoo has more shit in it, you have to pay more. The pink tax is a farse. #pinktax #SemST",AGAINST
climate change,There is no solid proof that climate change is real.,AGAINST
Legalization of Abortion,Was at the planned parenthood protest in #fitchburg today with the image of Our Lady of America #catholic #SemST,AGAINST
Atheism,he better chill with them retweets #SemST,NONE
Donald Trump,Donald Trump is making America great again!,FAVOR
climate change,Climate change is a hoax made up to control us.,AGAINST
Atheism,Jesus response to a religious environment  was to create a royal environment.  It drove people nuts. Still does - thank God #SemST,AGAINST
climate change,Weather has always changed over time.,NONE
Donald Trump,I can't believe the things Trump gets away with.,AGAINST
Legalization of Abortion,@Independent_ie No one has 5he right to tell any person what they should do with their body #SemST,AGAINST
Feminist Movement,It's incredibly easy to identify shitty females with a poor view on the world and what's important thanks to #SemST,AGAINST
Legalization of Abortion,Oh you dont like that Im Pro-choice.  Pftt. Dont try to force me to be pro-life. Fuck off   #sorrynotsorry #SemST,FAVOR
Hillary Clinton,I dislike our idiots as much as I dislike theirs. #SemST,NONE
climate change,Climate change is the biggest threat to our future.,FAVOR
Feminist Movement,Evidence of the fossil record to creationists is the evidence against the wage gap to feminists.   #GamerGate #SemST,AGAINST
Donald Trump,Trump should be held accountable for his actions.,AGAINST
climate change,I just enjoy sunny days.,NONE
Donald Trump,Politics are confusing these days.,NONE
Hillary Clinton,@rhhhhh380 What we need to do is support all Republicans and criticize the opposition. #SemST,AGAINST
Donald Trump,Donald Trump is making America great again!,FAVOR
Feminist Movement,I need feminism because:  A man in a room full of women is ecstatic. A woman in a room full of men is terrified. #SemST,FAVOR
Donald Trump,Donald Trump is making America great again!,FAVOR
climate change,There is no solid proof that climate change is real.,AGAINST
Donald Trump,Politics are confusing these days.,NONE
Legalization of Abortion,PRAYERS FOR BABIES Urgent prayer one in Lexington KY&two in Dallas TX&in Chattanooga TN  Life begins at conception  #SemST,AGAINST
Feminist Movement,Feel things will truly be equal in marriage when I see jock strap tossed to the 'single women' a weddings alongside the garter #SemST,AGAINST
Hillary Clinton,@TheAtlantic cause  #Hillary Clinton is a LYING THEIVING CUNT  #SemST,AGAINST
Feminist Movement,We cannot succeed when half of us are held back. Malala Yousafzai #SmartGlamour #feminist #yesallwomen #equality #SemST,AGAINST
Donald Trump,Trump’s economic policies are working wonders.,FAVOR
Donald Trump,I don’t really care who’s president.,NONE
Hillary Clinton,@SenSanders bashes Obama job numbers.Calling it a lie. #istandwithPresidentObama #VoteBlue2016 #HillaryClinton #Democrats #SemST,FAVOR
Hillary Clinton,"Beware of #Kochtrolls bashing our candidates. I will not bash #Hillary. She's my plan B, for gosh sakes. #Bernie2016 #SemST",AGAINST
Legalization of Abortion,There should be no law or funding which justifies the murder of innocent life.   #CCOT #pjnet #SemST,AGAINST
Donald Trump,Trump’s economic policies are working wonders.,FAVOR
Donald Trump,Politics are confusing these days.,NONE
Feminist Movement,"Why fight for gender equality, you ask? 'Cause I listen to shitty women claim they are above the law & watch innocent men drown. #SemST",AGAINST
Atheism,Bless those with a broken soul #SemST,AGAINST
Donald Trump,Trump’s economic policies are working wonders.,FAVOR
Atheism,Azerbaijan: Pray for President Ilham Aliyev's salvation. #vom #pray #SemST,AGAINST
Legalization of Abortion,@DaRealMonieLove or these dumb anti-abortion #showthetruth assholes who sit on Canadian streets with inaccurate disturbing pics! #SemST,FAVOR
Donald Trump,Trump’s economic policies are working wonders.,FAVOR
Donald Trump,I don’t really care who’s president.,NONE
Hillary Clinton,@Braidleigh 2016 is the due year for possible revolution.  The water has yet to boil over. #BetOnRed #PatriotsWillRise #SemST,NONE
Atheism,"IF GOD BROUGHT YOU TO IT , HE'LL BRING YOU THROUGH IT. #GODKNOWS #WHATHEDOING #BEPATIENT #TRUSTANDBELIEVE #SemST",AGAINST
climate change,Weather has always changed over time.,NONE
Feminist Movement,The shaming we do around celebrity choices in photoshoots is highly related to the principles behind #SemST,NONE
Feminist Movement,@saltwaterpop I like your attitude a lot tho #SemST,NONE
Hillary Clinton,@CNNPolitics @PoliticalAnt @moody this is beautiful #oops #SemST,NONE
Hillary Clinton,Democrats want power for themselves. Republicans will give YOU the power! #Election2016 #SemST,AGAINST
Donald Trump,Trump’s economic policies are working wonders.,FAVOR
Feminist Movement,The Office Cinderella: When a female is considered as not-giving-100%-to-work because she comes and leaves office on time. #women #SemST,FAVOR
Feminist Movement,A fictional character been raped and abused oppress me. Censor pls!! #thisoppresseswomen  #SemST,AGAINST
Donald Trump,Trump’s economic policies are working wonders.,FAVOR
Donald Trump,Trump should be held accountable for his actions.,AGAINST
Donald Trump,Trump should be held accountable for his actions.,AGAINST
Legalization of Abortion,@nosilentsprings And an even worse place from which to make medical decisions FOR OTHER PEOPLE #mybodymychoice #notyours #notgovt #SemST,FAVOR
Hillary Clinton,"@jjauthor Janie, I am honored to be followed by you, thank you and God bless you.  #freeallfour #SemST",NONE
Hillary Clinton,Controlling #illegalimmigration is Now Racist According to @ChrisCuomo #NewDayCNN  Let's Bash #Trump ALL Day AGAIN #morningjoe #SemST,NONE
Hillary Clinton,Only @theDemocrats want #crimigrants running amok in U.S. Cities.   #CancerIsProgressive #SemST,AGAINST
Atheism,"Come to me, all you who are weary and burdened, and I will give you rest. - Matt 11:28 #Rest #Peace #Scripture #Bible #SemST",AGAINST
Legalization of Abortion,Those who deny women who've been raped abortion are the same ppl who tell rape victims they asked for it. #rape #SemST,AGAINST
Feminist Movement,@BOZARbrussels is this how @UN_Women sees #genderequality ? Only #women with arms like #men ? #stopmarriagebill #fakecases @UN #SemST,AGAINST
Legalization of Abortion,Pro-life laws only effect women so anti choicers are fine with these laws because the laws are only hurting are females  #SemST,FAVOR
Legalization of Abortion,"As a man, the only body I should have a say in is my own. #repealthe8th #rally4life #SemST",AGAINST
Atheism,A Godly husband  - knows you - trusts you - loves you - respects you - honors you - supports you - wants you - appreciates you #God #SemST,AGAINST
Donald Trump,Trump’s economic policies are working wonders.,FAVOR
Atheism,Praise and thank God for everything in your life today. #grateful #SemST,AGAINST
Atheism,"As always, please remember: fuck Harper, fuck conservatives , fuck religion #fuckharper #NDP  #fuckcons #SemST",FAVOR
Feminist Movement,Tonight I got called 'the one with the great rack' and I felt empowered because objectification exists for both sexes #SemST,AGAINST
climate change,Climate change is a hoax made up to control us.,AGAINST
Legalization of Abortion,I'm really pissed off by vaccines mandates. It's not ok to force parents to inject their kids when there might be consequences. #SemST,NONE
Feminist Movement,"If Feminism wants equal rights as men  they must so advocate for equal prison time and losing custody rights, which they won't do! #SemST",AGAINST
climate change,I just enjoy sunny days.,NONE
Atheism,I officiate #humanist & most #nonreligious weddings-starting at $99. Ask me about #student discounts! #216 #celebrant #weddings #SemST,AGAINST
climate change,Climate change is a hoax made up to control us.,AGAINST
Feminist Movement,"#RapeCulture is leaving your new/used car in the worst neighborhood, doors wide open & not to expect #CarTheftCulture #SemST",AGAINST
Donald Trump,Trump’s economic policies are working wonders.,FAVOR
Feminist Movement,The stupidity of feminists is fucking hilarious! #sorrynotsorry #SemST,AGAINST
climate change,Weather has always changed over time.,NONE
Legalization of Abortion,@notmuchelse But of course today one doesn't have to be responsible You can kill your child instead! #SemST,AGAINST
climate change,Climate change is a hoax made up to control us.,AGAINST
Legalization of Abortion,So the #Democrats tore down their OWN #ConfederateFlag NOW if they get rid of THEIR #KKK #blackpanthers #alsharpton #hate #SemST,NONE
Atheism,"God is good all the time, all the time God is good #unconditionallove #SemST",AGAINST
Hillary Clinton,"If Hillary Clinton is elected president in 2016, this nation will surely experience unprecedented destruction. #SemST",AGAINST
climate change,There is no solid proof that climate change is real.,AGAINST
Hillary Clinton,"The blacks cant admit that O is a failure. No, we dont need another affirmative action president #Obama #communism #SemST",NONE
climate change,Climate change is the biggest threat to our future.,FAVOR
climate change,We must act immediately to combat climate change.,FAVOR
Legalization of Abortion,Al Robertson's mom #DuckDynasty  chose life as an unwed 16 year old. #SemST,AGAINST
Feminist Movement,I thought you would like it @AceofSpades14 #feminist #SemST,AGAINST
Donald Trump,Politics are confusing these days.,NONE
Donald Trump,Donald Trump is making America great again!,FAVOR
Hillary Clinton,@_Holly_Renee I want to fav this tweet....cause it's hilarious. But I give no support to #HillaryClinton #SemST,AGAINST
Donald Trump,Trump should be held accountable for his actions.,AGAINST
Donald Trump,I can't believe the things Trump gets away with.,AGAINST
climate change,We must act immediately to combat climate change.,FAVOR
Feminist Movement,Too many empty compliments are a waste of time unless you are a professional narcissist or a feminist.  #GamerGate #SemST,AGAINST
Atheism,@MuhammadAli except for your belief in Allah. Gods are imaginary. Love and humanity are real. I love you. Be well and take care. #SemST,FAVOR
Atheism,@ACLU Get rid of religion... and all this will go away overnight... #humanist #egalitarian #SemST,FAVOR
Legalization of Abortion,Babies are humans to support the prolife movement #SemST,AGAINST
Hillary Clinton,"I'm 72 yrs old and ever since I was 6 yrs old I wanted to live long enough to see a woman President - Jim from Monticello, IA #SemST",AGAINST
Feminist Movement,"@mraguyot Yup, way more than I would ever buy, but hey, something for everybody.   #antifeminism #antiSJW #MGTOW #SemST",AGAINST
climate change,There is no solid proof that climate change is real.,AGAINST
Hillary Clinton,"Hillary has sacrificed more Ambassadors, told more lies, hid and destroyed more evidence... The beat goes on,,, @McSadie #SemST",AGAINST
Legalization of Abortion,"@_msthirdward @BuhayIpaglaban @blueskies366 It's never been about ""life"" has it? ""#Prolife"" are OK with women dying. #SemST",AGAINST
Hillary Clinton,It's a beautiful day for phone banking at the Hill House on 1529 Richland Street! Join us tonight at 6PM! @HillaryforSC #SemST,FAVOR
Donald Trump,I don’t really care who’s president.,NONE
Legalization of Abortion,"RT @freesafelegal: ""Why does the government not hold a referendum on abortion?"" asks UN CESCR Mbr Pillay #UNIRL #SemST",AGAINST
Feminist Movement,"@alias_burgerboy @craigspissed @forthleft infanticide, child to parent abuse, sibling abuse, abuse against  males, LGBT DV #SemST",AGAINST
Atheism,We often talk of unbelief as if it were an affliction to be pitied instead of a crime to be condemned. - Charles Spurgeon #GOD #SemST,AGAINST
Legalization of Abortion,"RT @RandForeman: It's so easy to be Pro-Choice, especially when you're not the one getting your skull crushed. #SemST",AGAINST
Legalization of Abortion,@BuhayIpaglaban Bullshit multiplied by bullshit is still bullshit. #SemST,AGAINST
Feminist Movement,I'll eat mac and cheese out of your front hole but only if you ask first #SemST,NONE
Donald Trump,Donald Trump is making America great again!,FAVOR
Atheism,Sometimes it's the broken heart that finds the truest path to love. #SemST,NONE
Feminist Movement,Why would they have girl dragons in dragonvale? #SemST,NONE
Atheism,RT @br_holden: Religions are perfectly happy to peddle an afterlife that doesn't actually exist.  #freethinker #SemST,AGAINST
Feminist Movement,Lol feminist don't complain about how men get less clothing options at stores. (When they say there for gender equality) #SemST,AGAINST
Legalization of Abortion,Reading law cases on abortion rulings from the past 100 years is exhausting! #research #workhard #work #publichealth #SemST,AGAINST
Feminist Movement,"It's a problem when explaining feminism, even in a calm & complex level, cannot be understood. #feminist #respect #EqualityForAll #SemST",FAVOR
Legalization of Abortion,"@PrevailChris Sexual Assault is Epidemic.. Not just in Military, Colleges, Universities. Fight 2 Stop this Crime=Less Need 4 #SemST",AGAINST
climate change,I just enjoy sunny days.,NONE
Legalization of Abortion,"Yea, let's make a woman suffer 18 years and raise a child with an unfit parent who hates it because of ""morality"". #SemST",FAVOR
climate change,Climate change is a hoax made up to control us.,AGAINST
Donald Trump,Donald Trump is making America great again!,FAVOR
Legalization of Abortion,"The teen pregnancy rate has declined 51 percent, and the teen birth rate is down 57 percent. #SemST",NONE
Feminist Movement,Ask her father for her hand in marriage. How language reinforces patriarchy. She is his property. And mom? #equality #SemST,AGAINST
Atheism,The Irish national school system is secular under law. We can reaffirm secularism by going through the courts! @HumanismIreland #SemST,AGAINST
Atheism,"Heb 10:12  this man, after he had offered one sacrifice for sins for ever, sat down on the right hand of God; #bible #SemST",AGAINST
climate change,I just enjoy sunny days.,NONE
Legalization of Abortion,Pro Choice? Just choose to kill yourself after your baby is born. #SemST,AGAINST
Donald Trump,I can't believe the things Trump gets away with.,AGAINST
Donald Trump,Politics are confusing these days.,NONE
Legalization of Abortion,Does the Gay Community support Abortion? #ProLifeYouth #LGBTPrideMonth #SemST,AGAINST
Hillary Clinton,"@szabosolicitors Thanks for the follow counselor, may God bless you and your family !  #freeallfour #SemST",NONE
Hillary Clinton,Technology has exposed more bad politicians than bad cops....Where Is Our Server Hillary? #CNN #SemST,AGAINST
Legalization of Abortion,"We declare that all people have worth and value even if the whole world calls them ""unwanted""! #SemST",AGAINST
Donald Trump,Trump’s economic policies are working wonders.,FAVOR
Legalization of Abortion,Anti choice laws only effect women.  People don't care about things that don't effect men #SemST,FAVOR
Feminist Movement,"There really are days when I'm ashamed to admit I share gene's with some people, today is one of those days. #SemST",NONE
Donald Trump,I don’t really care who’s president.,NONE
Legalization of Abortion,@AndySwan lol.  I don't know about that.  #schoolprayer #GovtEndorsementOfHeterosexualMarriage #SemST,NONE
Atheism,What really builds a relationship is when we relate to what we don't understand about God.  #Emunah #SemST,AGAINST
Donald Trump,Trump’s economic policies are working wonders.,FAVOR
Legalization of Abortion,Happy July 4th- freedom day! Let liberty ring out! #freedom #Faith #Jesus #REVIVAL #Life #tcot #SemST,AGAINST
Feminist Movement,2015 is the year of the uterus #sheBELIEVES #WWC2015 #SemST,AGAINST
Legalization of Abortion,"@nytimes while you are at it, eliminate all drugs, cars, planes, food, electricity, and anything else that MAY cause a death. #SemST",NONE
Donald Trump,Trump’s economic policies are working wonders.,FAVOR
Legalization of Abortion,@__Porky @P226_Sig @_HankRearden @jrmadmen @aemdee who is for it. I'm not. But am for a women's right to her own body. #SemST,FAVOR
climate change,Weather has always changed over time.,NONE
Donald Trump,I don’t really care who’s president.,NONE
Legalization of Abortion,Today is a great because we are alive. #SemST,NONE
climate change,Weather has always changed over time.,NONE
climate change,Climate change is the biggest threat to our future.,FAVOR
Hillary Clinton,"@FaithWarJournal Thank You for the follow, may God bless you all !  #freeallfour #SemST",NONE
Atheism,@truthway_eng  Jesus commands you to follow Acts 2:38-39 to be saved. #christian #christ #Mary #Bible #church #trinity #usa #uk #aus #SemST,AGAINST
Legalization of Abortion,"You can't give the ""death penalty"" to something not living sentient or autonomous #WarOnWomen #roe42 #reprohealth #SemST",FAVOR
Donald Trump,Donald Trump is making America great again!,FAVOR
Hillary Clinton,"@HillaryClinton Wow, #HillaryClinton looks very fat in that pants suit. #liberals #tlot #Democrats #SemST",AGAINST
Legalization of Abortion,"In 1776 we killed the conservatives, freed ourselves from that crap #rightwing #Christian #ChurchState #Tyranny. #Uniteblue #tcot #SemST",AGAINST
climate change,Weather has always changed over time.,NONE
Feminist Movement,iamNovaah: RT ChrzOC: Bitches be running wild...  # # # # #   #feminazi  #feminonsence   #brosb4hos #F4F #R... #SemST,AGAINST
Atheism,Where will you be when @NewHorizons2015 flies by Pluto? #NewHorizons #PlutoFlyby #Pluto #EndRacism #EndSexism #EndReligion #Peace #SemST,FAVOR
Atheism,Religious holidays should not be public. #RightsAndRecourse #Transformation #SemST,AGAINST
Atheism,Had a great time @ worship rehearsal.Cant wait till Sunday ! #bridgechurch2015 #bridgelaunchteam #Willacycounty #weloveyou #SemST,AGAINST
Donald Trump,Politics are confusing these days.,NONE
Atheism,RT @faithsns716: Psalm103:3-Who forgives all your iniquities; who heals all your diseases #SemST,AGAINST
Donald Trump,Trump’s economic policies are working wonders.,FAVOR
climate change,I just enjoy sunny days.,NONE
Feminist Movement,Putting the air conditioners in while wearing a sundress because #SemST,NONE
Feminist Movement,"Now, I understand your a feminist and think that's adorable, but this grow up time and I'm the man here so run along. #SemST",AGAINST
Legalization of Abortion,@MetalheadMonty @tom_six I followed him before I watched human centipede 3.....i now hope never makes another film again #SemST,NONE
Donald Trump,I can't believe the things Trump gets away with.,AGAINST
Legalization of Abortion,Every1 needs 2 c @Rick_Reyna & @rallysforchrist's movie #TheRallyLA. It's life transforming. #drugs #forgive #SWBC2015 #Salvation #SemST,AGAINST
climate change,I just enjoy sunny days.,NONE
